id,name,country_code
13381_69091,PAULA LYNN CAO HOK /  LAUREN LAM,USA
14251,PABLO ABIAN,ESP
14587,TOMMY SUGIARTO,INA
17774,NIKTE ALEJANDRA SOTOMAYOR,GUA
18228,CAROLINA MARIN,ESP
20808,KAI SCHAEFER,GER
24172_17515,REDDY B. SUMEETH /  REDDY SIKKI,IND
24172_49765,REDDY B. SUMEETH /  ASHWINI PONNAPPA,IND
24686_84669,JONGKOLPHAN KITITHARAKUL /  RAWINDA PRAJONGJAI,THA
25684_56401,JONATHAN SOLIS /  DIANA CORLETO SOTO,GUA
25831,VIKTOR AXELSEN,DEN
26394_80057,MARCUS FERNALDI GIDEON /  KEVIN SANJAYA SUKAMULJO,INA
34810,CHOU TIEN CHEN,TPE
35642,RATCHANOK INTANON,THA
39276_84007,KIM GI JUNG /  KIM SA RANG,KOR
42679,KATE FOO KUNE,MRI
42776,SAI PRANEETH B.,IND
43840_46169,GABRIELA STOEVA /  STEFANI STOEVA,BUL
45171,NG KA LONG ANGUS,HKG
46776,HOWARD SHU,USA
48528,KIRSTY GILMOUR,SCO
50238_76967,SIRAWIT SOTHON /  NATTHAPAT TRINKAJEE,THA
50246_80605,CHENG SU HUI /  CHENG SU YIN,MAS
50322_57265,PRIYA KONJENGBAM /  SHRUTI MISHRA,IND
50481_61095,BRANDON ZHI HAO YAP /  ABBYGAEL HARRIS,ENG
50715_59331,CHLOE CONEY /  ESTELLE VAN LEEUWEN,ENG
50715_80918,CHLOE CONEY /  LAUREN SMITH,ENG
50937_60060,PHARANYU KAOSAMAANG /  WORRAPOL THONGSA-NGA,THA
51074_52749,HENDRA SETIAWAN /  MOHAMMAD AHSAN,INA
51998,MATTHIAS KICKLITZ,GER
52748,SAINA NEHWAL,IND
52864,LIEW DAREN,MAS
52953,MISHA ZILBERMAN,ISR
52953_34,MISHA ZILBERMAN /  SVETLANA ZILBERMAN,ISR
53142_58879,CHAN PENG SOON /  CHEAH YEE SEE,MAS
53753,HANS-KRISTIAN SOLBERG VITTINGHUS,DEN
53806,BEIWEN ZHANG,USA
53807,THAMONWAN NITHIITTIKRAI,THA
54149_70093,VIVIAN HOO /  LIM CHIEW SIEN,MAS
54314_65649,GIOVANNI GRECO /  DAVID SALUTT,ITA
54897,KEVIN CORDON,GUA
54998_81043,SATHWIK REDDY KANAPURAM /  VAISHNAVI KHADKEKAR,IND
55318,LIANNE TAN,BEL
55493_93025,ADAM PRINGLE /  RACHEL ANDREW,SCO
55668_92404,PAULA LOPEZ /  LUCIA RODRIGUEZ,ESP
55874_71391,KIM SO YEONG /  KONG HEE YONG,KOR
55908_96301,ANDY BUIJK /  KELLY VAN BUITEN,NED
55920,HUANG PING-HSIEN,TPE
55939_56711,ZAIDAN ARRAFI AWAL NABAWI /  JESSICA MAYA RISMAWARDANI,INA
55942,ADRIANO VIALE,PER
56203_99389,AARON CHIA /  SOH WOOI YIK,MAS
56271_81655,KOON FUNG KELVIN HO /  SAMUEL O’BRIEN RICKETTS,ENG
56350_88642,CHOONG HON JIAN /  MUHAMMAD HAIKAL,MAS
56350_94530,CHOONG HON JIAN /  GO PEI KEE,MAS
56401_17774,DIANA CORLETO SOTO /  NIKTE ALEJANDRA SOTOMAYOR,GUA
56450_75049,WILLIAM KRYGER BOE /  CHRISTIAN FAUST KJÆR,DEN
56522_84897,SANIA LIMA /  JULIANA VIANA VIEIRA,BRA
56706_66115,BAEK HA NA /  LEE YU LIM,KOR
56706_91292,BAEK HA NA /  LEE SO HEE,KOR
56746_59709,LU CHING YAO /  YANG PO HAN,TPE
56754_57165,ALVIN MORADA /  ALYSSA YSABEL LEONARDO,PHI
56934_64767,JACKIE DENT /  CRYSTAL LAI,CAN
57230,VU THI ANH THU,VIE
57297,FABIAN ROTH,GER
57372_94165,DHRUV KAPILA /  TANISHA CRASTO,IND
57424_70231,FANG-CHIH LEE /  FANG-JEN LEE,TPE
57457_76507,JAQUELINE LIMA /  SAMIA LIMA,BRA
57465,INSYIRAH KHAN,SGP
57560_88097,LANNY TRIA MAYASARI /  SITI FADIA SILVA RAMADHANTI,INA
57560_94567,LANNY TRIA MAYASARI /  RACHEL ALLESSYA ROSE,INA
57560_96455,LANNY TRIA MAYASARI /  RIBKA SUGIARTO,INA
57694_79189,TORJUS FLAATTEN /  VEGARD RIKHEIM,NOR
57740_94528,AYATO ENDO /  YUTA TAKEI,JPN
57791_86226,CATHERINE CHOI /  JOSEPHINE WU,CAN
57798,IRIS WANG,USA
57823,KANTA TSUNEYAMA,JPN
57924,CHAN YIN CHAK,HKG
57945,SHI YU QI,CHN
58089,ALWI FARHAN,INA
58180_89068,GREGORY MAIRS /  JENNY MAIRS,ENG
58201_68089,ACHUTADITYA RAO DODDAVARAPU /  VENKATA HARSHA VARDHAN RAYUDU VEERAMREDDY,IND
58240_79558,YUTA WATANABE /  ARISA IGARASHI,JPN
58271,BUSANAN ONGBAMRUNGPHAN,THA
58328,DANYLO BOSNIUK,UKR
58402_79258,JOSE GUEVARA /  INES LUCIA CASTILLO,PER
58402_91469,JOSE GUEVARA /  DIEGO MINI,PER
58478_58337,KATE FROST /  MOYA RYAN,IRL
58487_87236,TORI AIZAWA /  DAISUKE SANO,JPN
58493_63683,KEVIN LEE /  TY ALEXANDER LINDEMAN,CAN
58493_70079,KEVIN LEE /  ELIANA ZHANG,CAN
58539_25322,DONG ADAM (XINGYU) /  NYL YAKURA,CAN
58678_61160,TAN QIANG /  ZHOU HAO DONG,CHN
58720,ZHANG YI MAN,CHN
58931_50469,CHENG XING /  CHEN FANG HUI,CHN
58931_88450,CHENG XING /  ZHANG CHI,CHN
58963,SITTHIKOM THAMMASIN,THA
58986_62639,MING CHE LU /  HUNG EN-TZU,TPE
58986_72372,MING CHE LU /  TANG KAI WEI,TPE
59014_54996,SAYAKA HOBARA /  YUI SUIZU,JPN
59068_58337,JOSHUA MAGEE /  MOYA RYAN,IRL
59068_92985,JOSHUA MAGEE /  PAUL REYNOLDS,IRL
59077,KUO KUAN LIN,TPE
59160_77589,TOM LALOT TRESCARTE /  ELSA JACOB,FRA
59319_66115,KIM YOUNG HYUK /  LEE YU LIM,KOR
59319_72646,KIM YOUNG HYUK /  WANG CHAN,KOR
59322,LEE CHIA HAO,TPE
59367,KARUPATHEVAN LETSHANAA,MAS
59420,VICTOR SVENDSEN,DEN
59472_78935,BJARNE GEISS /  JAN COLIN VOELKER,GER
59543,ARNAUD MERKLE,FRA
59566,JENJIRA STADELMANN,SUI
59578_98466,NATAN BEGGA /  BAPTISTE LABARTHE,FRA
59609_59709,LIU KUANG HENG /  YANG PO HAN,TPE
59609_82732,LIU KUANG HENG /  JHENG YU CHIEH,TPE
59673_61160,HE JI TING /  ZHOU HAO DONG,CHN
59673_84812,HE JI TING /  REN XIANG YU,CHN
59687,UNNATI HOODA,IND
59692,DISHA GUPTA,USA
59871_82120,LUDWIG AXELSSON /  JESSICA SILVENNOINEN,SWE
59943_90857,WANG SZU-MIN /  WU MENG CHEN,TPE
60397,TEREZA ŠVÁBÍKOVÁ,CZE
60427,TOBIAS KUENZI,SUI
60507_58324,MADS VESTERGAARD /  CHRISTINE BUSCH,DEN
60896_79052,LU CHEN /  PO LI-WEI,TPE
60980_17515,ROHAN KAPOOR /  REDDY SIKKI,IND
60980_69619,ROHAN KAPOOR /  GADDE RUTHVIKA SHIVANI,IND
61095_79159,ABBYGAEL HARRIS /  ANNIE LADO,ENG
61222_63966,BRYAN JEREMY GOONTING /  M FAZRIQ MOHAMAD RAZIF,MAS
61423,JAN LOUDA,CZE
61427,TAI TZU YING,TPE
61443_83786,FATIMA BEATRIZ CENTENO FUENTES /  DANIELA HERNANDEZ,ESA
61444_99778,KIM WON HO /  JEONG NA EUN,KOR
61568,SAENA KAWAKAMI,JPN
61614,TUNG CIOU-TONG,TPE
61628,TOMA JUNIOR POPOV,FRA
61731_67158,DECHAPOL PUAVARANUKROH /  SAPSIREE TAERATTANACHAI,THA
61731_74980,DECHAPOL PUAVARANUKROH /  SUPISSARA PAEWSAMPRAN,THA
61834_87270,LOW HANG YEE /  NG ENG CHEONG,MAS
61854,WANG ZHI YI,CHN
61882_65708,FRANCESCA CORBETT /  ALLISON LEE,USA
61897_59857,ROBERT CYBULSKI /  SZYMON SLEPECKI,POL
61941_77380,DOMINIKA KWASNIK /  KORNELIA MARCZAK,POL
61949,VIVIEN SANDORHAZI,HUN
61986_95205,NG TSZ YAU /  TSANG HIU YAN,HKG
62018,RIKU HATANO,JPN
62035_92945,WANG TING GE /  WANG YI DUO,CHN
62063,KODAI NARAOKA,JPN
62110_82405,AMY ACKERMAN /  DEIDRE LAURENS,RSA
62282_68061,LAW CHEUK HIM /  YEUNG SHING CHOI,HKG
62286,JORAN KWEEKEL,NED
62301,LALINRAT CHAIWAN,THA
62385,THET HTAR THUZAR,MYA
62395,SHOGO OGAWA,JPN
62426_73023,BENGISU ERCETIN /  NAZLICAN INCI,TUR
62542_56042,ARLYA NABILA THESA MUNGGARAN /  AZ ZAHRA DITYA RAMADHANI,INA
62570_63539,ANNA CHING YIK CHEONG /  TEOH MEI XING,MAS
62618_61882,CHEN ZHI YI /  FRANCESCA CORBETT,USA
62618_63739,CHEN ZHI YI /  PRESLEY SMITH,USA
62639_84202,HUNG EN-TZU /  LIN YU-PEI,TPE
62713_70860,NICOLE GONZALES CHAN /  YANG CHU YUN,TPE
62720,MITHUN MANJUNATH,IND
62855,RASMUS GEMKE,DEN
62932,RAGHU MARISWAMY,IND
63029_57246,JIANG ZHEN BANG /  WEI YA XIN,CHN
63053_99429,SOLOMON JR. PADIZ /  ELEANOR CHRISTINE INLAYO,PHI
63122,BRIAN YANG,CAN
63140_81649,ILIYAN STOYNOV /  HRISTOMIRA POPOVSKA,BUL
63161_90612,MIHAJLO TOMIC /  ANDJELA VITMAN,SRB
63170,HARRY HUANG,ENG
63389_72084,DANIEL HESS /  PATRICK VOLKMANN,GER
63437,LINE HØJMARK KJAERSFELDT,DEN
63493_88450,KENG SHU LIANG /  ZHANG CHI,CHN
63520_94430,RAHMAT HIDAYAT /  YEREMIA ERICH YOCHE YACOB RAMBITAN,INA
63530_91600,HIROKI NISHI /  AKARI SATO,JPN
63571_60838,ADNAN MAULANA /  NITA VIOLINA MARWAH,INA
63571_83699,ADNAN MAULANA /  INDAH CAHYA SARI JAMIL,INA
63670_99397,LUI CHUN WAI /  FU CHI YAN,HKG
63683_86226,TY ALEXANDER LINDEMAN /  JOSEPHINE WU,CAN
63739_65708,PRESLEY SMITH /  ALLISON LEE,USA
63966_98812,M FAZRIQ MOHAMAD RAZIF /  WONG VIN SEAN,MAS
64032,KUNLAVUT VITIDSARN,THA
64055,CHIARA MARVELLA HANDOYO,INA
64064_65221,SHUNTARO MEZAKI /  HARUYA NISHIDA,JPN
64081,LIAO JHUO-FU,TPE
64306,CHENG KAI,TPE
64349,KOMANG AYU CAHYA DEWI,INA
64389,TIFFANY HO,AUS
64394_96097,CHEN CHENG KUAN /  CHEN SHENG FA,TPE
64394_96973,CHEN CHENG KUAN /  HSU YIN-HUI,TPE
64646_55668,JACOBO FERNANDEZ /  PAULA LOPEZ,ESP
64648,NGUYEN HAI DANG,VIE
64666,VIREN NETTASINGHE,SRI
64682_71432,TANADON PUNPANICH /  WACHIRAWIT SOTHON,THA
64729_57731,RASMUS KJÆR /  FREDERIK SØGAARD,DEN
64766_31614,MARIIA STOLIARENKO /  YELYZAVETA ZHARKA,UKR
64839,GEORGES JULIEN PAUL,MRI
64839_42679,GEORGES JULIEN PAUL /  KATE FOO KUNE,MRI
64917_67964,JAKUB MELANIUK /  WIKTOR TRECKI,POL
64944_55417,HIROKI MIDORIKAWA /  NATSU SAITO,JPN
64956,MUTIARA AYU PUSPITASARI,INA
65057_89214,HUNG HSIN EN /  HUNG YU- EN,TPE
65121_84323,ALINE MÜLLER /  CAROLINE RACLOZ,SUI
65144_78837,JIA YI FAN /  LI WEN MEI,CHN
65203_82408,LIN XIAO MIN /  WANG YU QIAO,TPE
65212_68282,NAMI MATSUYAMA /  CHIHARU SHIDA,JPN
65224_60767,TING SHIH WEE OWEN /  GAN JING ERR,MAS
65267_89426,FENG YAN ZHE /  HUANG DONG PING,CHN
65540,ROSY OKTAVIA PANCASARI,FRA
65580,JEON HYEOK JIN,KOR
65634,JASON GUNAWAN,HKG
65674_56460,PAKKAPON TEERARATSAKUL /  PHATAIMAS MUENWONG,THA
65854_69193,JAFAR HIDAYATULLAH /  FELISHA ALBERTA NATHANIEL PASARIBU,INA
65854_79077,JAFAR HIDAYATULLAH /  AISYAH SALSABILA PUTRI PRANATA,INA
66115_87473,LEE YU LIM /  SHIN SEUNG CHAN,KOR
66267_75821,KATI-KREET KÄSNER /  HELINA RÜÜTEL,EST
66290,TANYA HEMANTH,IND
66357_67176,ROBIN TABELING /  SELENA PIEK,NED
66362_96990,TIDAPRON KLEEBYEESUN /  NATTAMON LAISUAN,THA
66513_93074,SEO SEUNG JAE /  CHAE YU JUNG,KOR
67069,KSENIA POLIKARPOVA,ISR
67373_70503,DEBORA JILLE /  CHERYL SEINEN,NED
67447,MARKUS BARTH,NOR
67654_47007,TAN KIAN MENG /  LAI PEI JING,MAS
67654_52071,TAN KIAN MENG /  TAN WEE KIONG,MAS
67789_60167,CHENG YU-PEI /  SUN YU HSING,TPE
67810_61444,CHOI SOL GYU /  KIM WON HO,KOR
67810_68718,CHOI SOL GYU /  HEO KWANG HEE,KOR
67828,MANAMI SUIZU,JPN
67922_85159,ALEXANDER DUNN /  ADAM HALL,SCO
67922_91715,ALEXANDER DUNN /  JULIE MACPHERSON,SCO
67949_88322,JUNAIDI ARIF /  ROY KING YAP,MAS
67996,YULIA YOSEPHINE SUSANTO,INA
68015_75864,YEUNG NGA TING /  YEUNG PUI LAM,HKG
68045_64909,MARK LAMSFUSS /  MARVIN SEIDEL,GER
68045_98052,MARK LAMSFUSS /  ISABEL LOHAU,GER
68134_60507,DANIEL LUNDGAARD /  MADS VESTERGAARD,DEN
68221_59331,LIZZIE TOLMAN /  ESTELLE VAN LEEUWEN,ENG
68316,TAN JIA JIE,MAS
68317,KIRAN GEORGE,IND
68322,AYUSH SHETTY,IND
68337_67290,KRISTOFFER KOLDING /  METTE WERGE,DEN
68392,JUSTIN HOH,MAS
68479,HINA AKECHI,JPN
68532_89885,AMALIE CECILIE KUDSK /  SIGNE SCHULZ,DEN
68544_70762,THOM GICQUEL /  DELPHINE DELRUE,FRA
68555_99025,JULIA MEYER /  LEONA MICHALSKI,GER
68633_79658,LEO ROLLY CARNANDO /  BAGAS MAULANA,INA
68633_84786,LEO ROLLY CARNANDO /  DANIEL MARTHIN,INA
68681_56983,CHANG KO-CHI /  CHEN XIN-YUAN,TPE
68681_64300,CHANG KO-CHI /  LIN YEN YU,TPE
68681_77386,CHANG KO-CHI /  LEE CHIH CHEN,TPE
68681_79052,CHANG KO-CHI /  PO LI-WEI,TPE
68870,LAKSHYA SEN,IND
69006,CHRISTIAN ADINATA,INA
69012,GOH JIN WEI,MAS
69091,LAUREN LAM,USA
69093,PRIYANSHU RAJAWAT,IND
69194_95664,JOSHUA HURLBURT-YU /  RACHEL HONDERICH,CAN
69253,GIOVANNI TOTI,ITA
69313_87492,ASHITH SURYA /  AMRUTHA PRAMUTHESH,IND
69316_60909,JEPPE BAY /  LASSE MØLHEDE,DEN
69345,LE DUC PHAT,VIE
69360_50481,ALEX GREEN /  BRANDON ZHI HAO YAP,ENG
69393,TALIA NG,CAN
69393_91560,TALIA NG /  WEN YU ZHANG,CAN
69448_96514,LEE YANG /  WANG CHI-LIN,TPE
69463,PITCHAMON OPATNIPUTH,THA
69560_98187,HARIHARAN AMSAKARUNAN /  RUBAN KUMAR RETHINASABAPATHI,IND
69597_68284,BEH CHUN MENG /  GOH BOON ZHE,MAS
69619,GADDE RUTHVIKA SHIVANI,IND
69649_57457,FABRICIO FARIAS /  JAQUELINE LIMA,BRA
69649_78948,FABRICIO FARIAS /  DAVI SILVA,BRA
69712,ALVI WIJAYA CHAIRULLAH,INA
69810_63421,OLIVER BUTLER /  SAMUEL JONES,ENG
70028_92470,CHRISTOPHER GRIMLEY /  MATTHEW GRIMLEY,SCO
70042_68189,MAIKEN FRUERGAARD /  SARA THYGESEN,DEN
70079,ELIANA ZHANG,CAN
70219_62853,HUSSEIN ZAYAN SHAHEED ZAKI /  FATHIMATH NABAAHA ABDUL RAZZAQ,MDV
70371_64816,JULIE FINNE-IPSEN /  MAI SURROW,DEN
70399,JULIEN CARRAGGI,BEL
70443_52071,NUR MOHD AZRIYN AYUB AZRIYN /  TAN WEE KIONG,MAS
70465_56042,ANISANAYA KAMILA /  AZ ZAHRA DITYA RAMADHANI,INA
70651,AMALIE SCHULZ,DEN
70751_68595,ZHOU ZHI HONG /  YANG JIA YI,CHN
70824,RAVI RAVI,IND
70930,KIM GA EUN,KOR
71023_81609,YUKI FUKUSHIMA /  MAYU MATSUMOTO,JPN
71023_94519,YUKI FUKUSHIMA /  SAYAKA HIROTA,JPN
71132_69361,LORNA BODHA /  KOBITA DOOKHEE,MRI
71221,LUÍS ENRIQUE PEÑALVER,ESP
71285,ANNA TATRANOVA,FRA
71294_70093,WONG TIEN CI /  LIM CHIEW SIEN,MAS
71349_80918,MARCUS ELLIS /  LAUREN SMITH,ENG
71408,CHICO AURA DWI WARDOYO,INA
71612_59966,TREESA JOLLY /  GAYATRI GOPICHAND PULLELA,IND
71644_85896,ANNIE XU /  KERRY XU,USA
71848_85508,YAN FEI CHEN /  LIANG CHING SUN,TPE
71869_88126,RIZKY HIDAYAT /  FRENGKY WIJAYA PUTRA,AUS
71963_98084,APOORVA GAHLAWAT /  SAKSHI GAHLAWAT,IND
72084_61615,PATRICK VOLKMANN /  FRANZISKA VOLKMANN,GER
72267_94165,ISHAAN BHATNAGAR /  TANISHA CRASTO,IND
72280,PORNPICHA CHOEIKEEWONG,THA
72435_70500,SATWIKSAIRAJ RANKIREDDY /  CHIRAG SHETTY,IND
72466_61746,ADHAM HATEM ELGAMAL /  DOHA HANY,EGY
72517_58779,LEE ZHI QING /  SUE XIN TIO,MAS
72646_87473,WANG CHAN /  SHIN SEUNG CHAN,KOR
72675_63539,HOO PANG RON /  TEOH MEI XING,MAS
72675_80605,HOO PANG RON /  CHENG SU YIN,MAS
72782_56711,MARWAN FAZA /  JESSICA MAYA RISMAWARDANI,INA
72782_79077,MARWAN FAZA /  AISYAH SALSABILA PUTRI PRANATA,INA
72885,CHRISTO POPOV,FRA
72885_61628,CHRISTO POPOV /  TOMA JUNIOR POPOV,FRA
72986_63846,KOCEILA MAMMERI /  YOUCEF SABRI MEDEL,ALG
72986_78133,KOCEILA MAMMERI /  TANINA VIOLETTE MAMMERI,ALG
72989_56237,PICHAMON PHATCHARAPHISUTSIN /  NANNAPAS SUKKLAD,THA
73013_59275,JIN YU JIA /  WONG JIA YING CRYSTAL,SGP
73015,KRISTIN KUUBA,EST
73173,PUSARLA V. SINDHU,IND
73323_88264,JULIEN MAIO /  WILLIAM VILLEGER,FRA
73323_98329,JULIEN MAIO /  LEA PALERMO,FRA
73442,JONATAN CHRISTIE,INA
73474_85808,LIN BING-WEI /  LIN CHIH-CHUN,TPE
73474_88829,LIN BING-WEI /  SU CHING HENG,TPE
73489_74833,NGE JOO JIE /  JOHANN PRAJOGO,SGP
73857_76370,ANDREAS SØNDERGAARD /  IBEN BERGSTEIN,DEN
73857_81705,ANDREAS SØNDERGAARD /  JESPER TOFT,DEN
73899_63229,TEA MARGUERITTE /  FLAVIE VALLET,FRA
73913_50322,DINGKU SINGH KONTHOUJAM /  PRIYA KONJENGBAM,IND
73936_73633,SUPAK JOMKOH /  KITTINUPONG KEDREN,THA
73936_74980,SUPAK JOMKOH /  SUPISSARA PAEWSAMPRAN,THA
73969,KIM GA RAM,KOR
74051,AGNES KOROSI,HUN
74076,TAKUMA OBAYASHI,JPN
74144_96990,PHATHARATHORN NIPORNRAM /  NATTAMON LAISUAN,THA
74218,CLARA AZURMENDI,ESP
74218_95780,CLARA AZURMENDI /  BEATRIZ CORRALES,ESP
74233_99411,TANUPAT VIRIYANGKURA /  ALISA SAPNITI,THA
74324_89680,KEIICHIRO MATSUI /  YOSHINORI TAKEUCHI,JPN
74324_94925,KEIICHIRO MATSUI /  KATSUKI TAMATE,JPN
74331_57397,KANG KHAI XING /  AARON TAI,MAS
74481,ANUPAMA UPADHYAYA,IND
74487_77380,PAULINA HANKIEWICZ /  KORNELIA MARCZAK,POL
74561_74686,HSU YA CHING /  LIN WAN CHING,TPE
74574_62713,WEI CHUN WEI /  NICOLE GONZALES CHAN,TPE
74574_99841,WEI CHUN WEI /  WU GUAN XUN,TPE
74579,URIEL FRANCISCO CANJURA ARTIGA,ESA
74732_94430,PRAMUDYA KUSUMAWARDANA /  YEREMIA ERICH YOCHE YACOB RAMBITAN,AUS
74803_56460,LAKSIKA KANLAHA /  PHATAIMAS MUENWONG,THA
74816_82502,JIN YONG /  NA SUNG SEUNG,KOR
74827_66528,KRISHNA PRASAD GARAGA /  VISHNUVARDHAN GOUD PANJALA,IND
74827_77389,KRISHNA PRASAD GARAGA /  SAI PRATHEEK.K,IND
74871_99025,MALIK BOURAKKADI /  LEONA MICHALSKI,GER
74980_68441,SUPISSARA PAEWSAMPRAN /  PUTTITA SUPAJIRAKUL,THA
74987_95072,LUIS ARMANDO MONTOYA NAVARRO /  MIRIAM JACQUELINE RODRIGUEZ PEREZ,MEX
75014,EOGENE EWE,MAS
75174,LEE YU-HSUAN,TPE
75190_88389,SIMRAN SINGHI /  RITIKA THAKER,IND
75193,JOHANITA SCHOLTZ,RSA
75270_78687,CHANG CHING HUI /  YANG CHING TUN,TPE
75414_85127,SERENA AU YEONG /  KATHARINA HOCHMEIR,AUT
75575,JIA WEI JOEL KOH,SGP
75628,ASHMITA CHALIHA,IND
75678,NGUYEN THUY LINH,VIE
75729_94032,OLEKSII TITOV /  YEVHENIIA KANTEMYR,UKR
75829_60896,CHEN ZHI RAY /  LU CHEN,TPE
75829_78687,CHEN ZHI RAY /  YANG CHING TUN,TPE
75829_92504,CHEN ZHI RAY /  LIN YU CHIEH,TPE
75904_72504,RUTTANAPAK OUPTHONG /  JHENICHA SUDJAIPRAPARAT,THA
76031_58111,MIKKEL MIKKELSEN /  RIKKE SØBY,DEN
76079,RIKO GUNJI,JPN
76115,LOH KEAN YEW,SGP
76275_87176,YANG PO-HSUAN /  HU LING FANG,TPE
76278_72478,BEN LANE /  SEAN VENDY,ENG
76281_60838,AMRI SYAHNAWI /  NITA VIOLINA MARWAH,INA
76281_77284,AMRI SYAHNAWI /  WINNY OKTAVINA KANDOW,INA
76717_80299,LEE CHIA HSIN /  TENG CHUN HSUN,TPE
76851,ISHARANI BARUAH,IND
76890,PUTRI KUSUMA WARDANI,INA
76973,MARK CALJOUW,NED
77002,JULIE DAWALL JAKOBSEN,DEN
77003,SAMEER VERMA,IND
77042,WENG HONG YANG,CHN
77143,XIAODONG SHENG,CAN
77228_85056,IZAK BATALHA /  MATHEUS VOIGT,BRA
77256,QI XUEFEI,FRA
77262_66513,KANG MIN HYUK /  SEO SEUNG JAE,KOR
77296,WONG LING CHING,MAS
77386_64300,LEE CHIH CHEN /  LIN YEN YU,TPE
77389_94165,SAI PRATHEEK.K /  TANISHA CRASTO,IND
77393_62853,AMINATH NABEEHA ABDUL RAZZAQ /  FATHIMATH NABAAHA ABDUL RAZZAQ,MDV
77427,LU GUANG ZU,CHN
77441_71065,SETYANA MAPASA /  ANGELA YU,AUS
77589_84050,ELSA JACOB /  CAMILLE POGNANTE,FRA
77689_61435,TANG CHUN MAN /  TSE YING SUET,HKG
77752_65389,"LIM TZE JIAN /  DESIREE, HAO SHAN SIOW",MAS
77752_71294,LIM TZE JIAN /  WONG TIEN CI,MAS
77848,CHI YU JEN,TPE
77909_66258,ANASTASIA KHOMICH /  DARIA ZIMNOL,POL
77949_82408,LIU CHIAO-YUN /  WANG YU QIAO,TPE
78073_88809,KONA TARUN /  SRI KRISHNA PRIYA KUDARAVALLI,IND
78116,GAO FANG JIE,CHN
78121_85127,PHILIP BIRKER /  KATHARINA HOCHMEIR,AUT
78192_73899,LUCAS RENOIR /  TEA MARGUERITTE,FRA
78208,RACHEL CHAN,CAN
78409_85129,MAN WEI CHONG /  KAI WUN TEE,MAS
78425_54805,BOON XIN YUAN /  GOH V SHEM,MAS
78425_71294,BOON XIN YUAN /  WONG TIEN CI,MAS
78641_99177,MALENA NORRMAN /  LIA SALEHAR,SWE
78778,CHEN YU FEI,CHN
78795_57180,STINE KUESPERT /  EMMA MOSZCZYNSKI,GER
78837_60567,LI WEN MEI /  LIU XUAN XUAN,CHN
78837_85914,LI WEN MEI /  ZHANG SHU XIAN,CHN
78839_79501,TAKUMI NOMURA /  YUICHI SHIMOGAMI,JPN
78890,ADE RESKY DWICAHYO,AZE
78890_77163,ADE RESKY DWICAHYO /  AZMY QOWIMURAMADHONI,AZE
78935_78795,JAN COLIN VOELKER /  STINE KUESPERT,GER
78935_98052,JAN COLIN VOELKER /  ISABEL LOHAU,GER
78948_56522,DAVI SILVA /  SANIA LIMA,BRA
79052_75270,PO LI-WEI /  CHANG CHING HUI,TPE
79078,KEISHA FATIMAH AZZAHRA,AZE
79078_73120,KEISHA FATIMAH AZZAHRA /  ERA MAFTUHA,AZE
79082,WU LUO YU,CHN
79110,SHOLEH AIDIL,MAS
79164,SATHISH KUMAR KARUNAKARAN,IND
79164_64431,SATHISH KUMAR KARUNAKARAN /  AADYA VARIYATH,IND
79258,INES LUCIA CASTILLO,PER
79258_95819,INES LUCIA CASTILLO /  PAULA LA TORRE,PER
79501_59014,YUICHI SHIMOGAMI /  SAYAKA HOBARA,JPN
79662,ANUOLUWAPO JUWON OPEYORI,NGR
79664_67761,FEBRIANA DWIPUJI KUSUMA /  AMALLIA CAHAYA PRATIWI,INA
79732_99220,CHIA WEIJIE /  LIEW XUN,MAS
79906_70747,KAKERU KUMAGAI /  KOTA OGAWA,JPN
80078_70376,MAIKO KAWAZOE /  HARUNA KONISHI,JPN
80229_94834,ZACHARIAH JOSIAHNO SUMANTI /  HEDIANA JULIMARBELA,INA
80299_70860,TENG CHUN HSUN /  YANG CHU YUN,TPE
80402,AAKARSHI KASHYAP,IND
80497_83074,VINSON CHIU /  JENNIE GAI,USA
80497_94647,VINSON CHIU /  JOSHUA YUAN,USA
80532,KAORU SUGIYAMA,JPN
80547_67676,RUTAPARNA PANDA /  SWETAPARNA PANDA,IND
80711_91246,LOO BING KUN /  HO LO EE,MAS
80795,HUNG YI-TING,TPE
80862,CHIU PIN-CHIAN,TPE
80862_61614,CHIU PIN-CHIAN /  TUNG CIOU-TONG,TPE
80871_79198,BENYAPA AIMSAARD /  NUNTAKARN AIMSAARD,THA
80886_82061,BOBBY SETIABUDI /  MELATI DAEVA OKTAVIANTI,INA
80889,RACHAEL DARRAGH,IRL
81034_89360,KUSWANTO KUSWANTO /  SREEYUKTHA SREEJITH PAROL,UAE
81108_62713,YE HONG WEI /  NICOLE GONZALES CHAN,TPE
81108_76717,YE HONG WEI /  LEE CHIA HSIN,TPE
81293_59275,JUN LIANG ANDY KWEK /  WONG JIA YING CRYSTAL,SGP
81293_85184,JUN LIANG ANDY KWEK /  LOH KEAN HEAN,SGP
81327_84421,PONGSAKORN THONGKHAM /  WONGSATHORN THONGKHAM,THA
81362,NG TZE YONG,MAS
81458_81702,DEJAN FERDINANSYAH /  GLORIA EMANUELLE WIDJAJA,INA
81462_88097,APRIYANI RAHAYU /  SITI FADIA SILVA RAMADHANTI,INA
81561,LEE ZII JIA,MAS
81585,DAI WANG,CHN
81599_59880,LIU SHENG SHU /  TAN NING,CHN
81609_77832,MAYU MATSUMOTO /  WAKANA NAGAHARA,JPN
81655_90267,SAMUEL O’BRIEN RICKETTS /  TAHLIA RICHARDSON,JAM
81657_67903,TAKURO HOKI /  YUGO KOBAYASHI,JPN
81705_88593,JESPER TOFT /  CLARA GRAVERSEN,DEN
81705_95643,JESPER TOFT /  AMALIE MAGELUND,DEN
81812_85179,MUH PUTRA ERWIANSYAH /  TEGES SATRIAJI CAHYO HUTOMO,INA
81844_50469,GUO XIN WA /  CHEN FANG HUI,CHN
81887,SHESAR HIREN RHUSTAVITO,INA
82009_99067,KYOHEI YAMASHITA /  NARU SHINOYA,JPN
82070,TOMOKA MIYAZAKI,JPN
82364_94567,MEILYSA TRIAS PUSPITASARI /  RACHEL ALLESSYA ROSE,INA
82372,KOK JING HONG,MAS
82378_91381,ONDŘEJ KRÁL /  ADAM MENDREK,CZE
82463_96843,KAZUKI SHIBATA /  NAOKI YAMADA,JPN
82516_59551,NG QI XUAN /  TEOH LE XUAN,MAS
82606,JIA HENG JASON TEH,SGP
82770_99988,WEERAPHAT PHAKJARUNG /  ORNNICHA JONGSATHAPORNPARN,THA
82989,DMITRIY PANARIN,KAZ
83046_63168,ZHENG SI WEI /  HUANG YA QIONG,CHN
83074,JENNIE GAI,USA
83077_95303,CHAN YUEH LIN /  CHU BO RONG,TPE
83132_76569,CUI HE CHEN /  PENG JIAN QIN,CHN
83419_71391,KIM HYE JEONG /  KONG HEE YONG,KOR
83657,CHIRAG SEN,IND
83738_80227,RIDYA AULIA FATASYA /  KELLY LARISSA,INA
83802,GREGORIA MARISKA TUNJUNG,INA
83822,YEO JIA MIN,SGP
83938,MADS CHRISTOPHERSEN,DEN
83942_98052,LINDA EFLER /  ISABEL LOHAU,GER
83950,PRANNOY H. S.,IND
83984,ADITI BHATT,IND
83985,FELIX BURESTEDT,SWE
84057_95643,MATHIAS THYRRI /  AMALIE MAGELUND,DEN
84062,PORNPAWEE CHOCHUWONG,THA
84064_99066,ONG YEW SIN /  TEO EE YI,MAS
84102_65674,PEERATCHAI SUKPHUN /  PAKKAPON TEERARATSAKUL,THA
84159_90323,RUI HIROKAMI /  YUNA KATO,JPN
84287_74181,SUPAMART MINGCHUA /  PATTARAPORN RUNGRUENGPRAMONG,THA
84523,MICHELLE LI,CAN
84631_82284,VERRELL YUSTIN MULIA /  PRISKILA VENUS ELSADAI,INA
84746_70692,MIZUKI OTAKE /  MIYU TAKAHASHI,JPN
84764,YOHANES SAUT MARCELLYNO,INA
84812_58678,REN XIANG YU /  TAN QIANG,CHN
84815,MAX WEISSKIRCHEN,GER
84838,LEONG JUN HAO,MAS
84874_83211,RENA MIYAURA /  AYAKO SAKURAMOTO,JPN
84897,JULIANA VIANA VIEIRA,BRA
85030_58488,KAITLYN EA /  GRONYA SOMERVILLE,AUS
85048,ESTER NURUMI TRI WARDOYO,INA
85095,NHAT NGUYEN,IRL
85118,ENOGAT ROY,FRA
85159_91715,ADAM HALL /  JULIE MACPHERSON,SCO
85179_81141,TEGES SATRIAJI CAHYO HUTOMO /  CHRISTOPHER DAVID WIJAYA,INA
85302,LINE CHRISTOPHERSEN,DEN
85394,KENTA NISHIMOTO,JPN
85452_90762,KOKONA ISHIKAWA /  MIO KONEGAWA,JPN
85514,HARAMARA GAITAN,MEX
85514_98186,HARAMARA GAITAN /  SABRINA SOLIS,MEX
85532_76114,PAWEL SMILOWSKI /  MAGDALENA SWIERCZYNSKA,POL
85540_65300,LI YI JING /  LUO XU MIN,CHN
85551_68628,PEARLY TAN /  THINAAH MURALITHARAN,MAS
85563,JOAKIM OLDORFF,FIN
85728_89697,ANNA KUPCA /  JEKATERINA ROMANOVA,LAT
85805_68221,RORY EASTON /  LIZZIE TOLMAN,ENG
85805_69360,RORY EASTON /  ALEX GREEN,ENG
85805_69685,RORY EASTON /  ZACH RUSS,ENG
85808_65349,LIN CHIH-CHUN /  SUNG YU-HSUAN,TPE
85808_80299,LIN CHIH-CHUN /  TENG CHUN HSUN,TPE
85845,PANITCHAPHON TEERARATSAKUL,THA
85914_85331,ZHANG SHU XIAN /  ZHENG YU,CHN
86034,RUZANA RUZANA,INA
86114,LIN CHUN-YI,TPE
86167_95068,LEONG IOK CHONG /  NG WENG CHI,MAC
86230,KOO TAKAHASHI,JPN
86261,LO SIN YAN HAPPY,HKG
86455_60603,MOA SJOO /  TILDA SJOO,SWE
86470,JONATHAN MATIAS,BRA
86525_55481,JESITA PUTRI MIANTORO /  FEBI SETIANINGRUM,INA
86567_61268,MIHA IVANČIČ /  PETRA POLANC,SLO
86604,TASNIM MIR,IND
86616_75193,CADEN KAKORA /  JOHANITA SCHOLTZ,RSA
86672,YUSHI TANAKA,JPN
86756_59331,CALLUM HEMMING /  ESTELLE VAN LEEUWEN,ENG
86756_90556,CALLUM HEMMING /  ETHAN VAN LEEUWEN,ENG
86829_59687,PALAK ARORA /  UNNATI HOODA,IND
86887,COLLINS VALENTINE FILIMON,AUT
86929_79130,MIHAELA CHEPISHEVA /  TSVETINA POPIVANOVA,BUL
86975,RITHVIK SANJEEVI SATISH KUMAR,IND
87029,WANG PO-WEI,TPE
87045_82610,REHAN NAUFAL KUSHARJANTO /  LISA AYU KUSUMAWATI,INA
87112,KALOYANA NALBANTOVA,BUL
87117,SOONG JOO VEN,MAS
87128_96862,AKBAR BINTANG CAHYONO /  MARSHEILLA GISCHA ISLAMI,INA
87176_65203,HU LING FANG /  LIN XIAO MIN,TPE
87176_82732,HU LING FANG /  JHENG YU CHIEH,TPE
87289_69822,MIKI KANEHIRO /  RUI KIYAMA,JPN
87375,WANG TZU WEI,TPE
87403_96690,ELOI ADAM /  LEO ROSSI,FRA
87403_98332,ELOI ADAM /  SHARONE BAUER,FRA
87432_86136,SABAR KARYAMAN GUTAMA /  MOH REZA PAHLEVI ISFAHANI,INA
87434,HE BING JIAO,CHN
87442,AN SE YOUNG,KOR
87484,SOMI ROMDHANI,UAE
87535_64023,ZHI-WEI HE /  HUANG JUI-HSUAN,TPE
87610,MARK SHELLEY ALCALA,USA
87691,FABIO CAPONIO,ITA
87718,STEPHANIE WIDJAJA,INA
87808_59892,NEUADUANG MANGKORNLOI /  ATITAYA POVANON,THA
87885,NESLIHAN ARIN,TUR
87893_87616,LUI LOK LOK /  NG WING YUNG,HKG
87893_95205,LUI LOK LOK /  TSANG HIU YAN,HKG
88007_82836,"CHOK KEN WEI, KEANE /  ANDY YEW TUNG KOK",MAS
88024_60060,CHALOEMPON CHAROENKITAMORN /  WORRAPOL THONGSA-NGA,THA
88079,LIN SIH YUN,TPE
88094_28492,KO SUNG HYUN /  EOM HYE WON,KOR
88094_54785,KO SUNG HYUN /  SHIN BAEK CHEOL,KOR
88135_87428,RIN IWANAGA /  KIE NAKANISHI,JPN
88278_76188,KIRSTEN DE WIT /  ALYSSA TIRTOSENTONO,NED
88322_85465,ROY KING YAP /  VALEREE SIOW,MAS
88399,ISHIKA JAISWAL,USA
88405_77123,AKIRA KOGA /  TAICHI SAITO,JPN
88451_59465,RINOV RIVALDY /  PITHA HANINGTYAS MENTARI,INA
88471,MALVIKA BANSOD,IND
88582,LÉONICE HUET,FRA
88726_65253,JONES RALFY JANSEN /  KENNETH NEUMANN,GER
88726_83942,JONES RALFY JANSEN /  LINDA EFLER,GER
88726_97648,JONES RALFY JANSEN /  THUC PHUONG NGUYEN,GER
88807,SUNG SHUO YUN,TPE
88807_75154,SUNG SHUO YUN /  YU CHIEN HUI,TPE
88829_81108,SU CHING HENG /  YE HONG WEI,TPE
88876_91130,FAJAR ALFIAN /  MUHAMMAD RIAN ARDIANTO,INA
89163,WANG ZHENG XING,CHN
89174_56434,P.S RAVIKRISHNA /  AKSHAN SHETTY,IND
89174_60705,P.S RAVIKRISHNA /  SANKAR PRASAD UDAYAKUMAR,IND
89336_63520,MUHAMMAD RAYHAN NUR FADILLAH /  RAHMAT HIDAYAT,INA
89416_22038,LUCAS CORVEE /  RONAN LABAR,FRA
89506,LUCAS CLAERBOUT,FRA
89529_58488,KENNETH ZHE HOOI CHOO /  GRONYA SOMERVILLE,AUS
89583,WEN CHI HSU,TPE
89785,KENTO MOMOTA,JPN
89909_66820,XIE HAO NAN /  ZENG WEI HAN,CHN
89916_82061,PRAVEEN JORDAN /  MELATI DAEVA OKTAVIANTI,INA
90287,DEVIKA SIHAG,IND
90531_55414,LIANG WEI KENG /  WANG CHANG,CHN
90556_50715,ETHAN VAN LEEUWEN /  CHLOE CONEY,ENG
90556_79159,ETHAN VAN LEEUWEN /  ANNIE LADO,ENG
90657,IKHSAN LEONARDO IMANUEL RUMBAY,INA
90768_94814,GOH SZE FEI /  NUR IZZUDDIN,MAS
90854,YASMINE HAMZA,ITA
91090_59621,CHEN TANG JIE /  TOH EE WEI,MAS
91106,YVONNE LI,GER
91112_78192,MAEL CATTOEN /  LUCAS RENOIR,FRA
91167_66221,RASMUS ESPERSEN /  MARCUS RINDSHØJ,DEN
91167_68532,RASMUS ESPERSEN /  AMALIE CECILIE KUDSK,DEN
91224,MIA BLICHFELDT,DEN
91246_76514,HO LO EE /  AMANDA HWA LENG YAP,MAS
91422,SUPANIDA KATETHONG,THA
91440_79658,MUHAMMAD SHOHIBUL FIKRI /  BAGAS MAULANA,INA
91440_84786,MUHAMMAD SHOHIBUL FIKRI /  DANIEL MARTHIN,INA
91469_95819,DIEGO MINI /  PAULA LA TORRE,PER
91483_81141,DANIEL EDGAR MARVINO /  CHRISTOPHER DAVID WIJAYA,INA
91554,ANDERS ANTONSEN,DEN
91560,WEN YU ZHANG,CAN
91651,MEIRABA LUWANG MAISNAM,IND
91673,LEI LAN XI,CHN
91715_92277,JULIE MACPHERSON /  CIARA TORRANCE,SCO
91807,RAKSHITHA SREE SANTHOSH RAMRAJ,IND
91814,S.SANKAR MUTHUSAMY SUBRAMANIAN,IND
91896,NATSUKI NIDAIRA,JPN
91971_65470,TIES VAN DER LECQ /  BRIAN WASSINK,NED
91971_76188,TIES VAN DER LECQ /  ALYSSA TIRTOSENTONO,NED
92014,KISONA SELVADURAY,MAS
92160,THARUN MANNEPALLI,IND
92504_87454,LIN YU CHIEH /  SU LI WEI,TPE
92508,KANTAPHON WANGCHAROEN,THA
92576_71801,RATCHAPOL MAKKASASITHORN /  CHASINEE KOREPAP,THA
92593_56352,GOH SOON HUAT /  LAI SHEVON JEMIE,MAS
92609_61986,LEE CHUN HEI REGINALD /  NG TSZ YAU,HKG
92655,KALLE KOLJONEN,FIN
92796,CHEAM JUNE WEI,MAS
92913_60516,CHIU HSIANG CHIEH /  YANG MING-TSE,TPE
92913_65203,CHIU HSIANG CHIEH /  LIN XIAO MIN,TPE
92913_69009,CHIU HSIANG CHIEH /  LIN JHIH YUN,TPE
92913_96514,CHIU HSIANG CHIEH /  WANG CHI-LIN,TPE
92967,HAN YUE,CHN
92980_44414,KIM ASTRUP /  ANDERS SKAARUP RASMUSSEN,DEN
93086_59892,PRINDA PATTANAWARITTHIPAN /  ATITAYA POVANON,THA
93101_74987,JOB CASTILLO /  LUIS ARMANDO MONTOYA NAVARRO,MEX
93130_71223,CHEN BO YANG /  LIU YI,CHN
93199_74714,FADILAH SHAMIKA MOHAMED RAFI /  TRACY NALUWOOZA,UGA
93217_84340,LWI SHENG HAO /  JIMMY WONG,MAS
93367_58241,LIU YU CHEN /  OU XUAN YI,CHN
93372,AKARI KURIHARA,JPN
93627,KIDAMBI SRIKANTH,IND
93852,LIANG TING YU,TPE
93858_91971,RUBEN JILLE /  TIES VAN DER LECQ,NED
93965_25684,ANIBAL MARROQUIN /  JONATHAN SOLIS,GUA
94119,DANIIL DUBOVENKO,ISR
94125_65144,CHEN QING CHEN /  JIA YI FAN,CHN
94151,VICTOR LAI,CAN
94156_92404,RUBEN GARCIA /  LUCIA RODRIGUEZ,ESP
94156_93670,RUBEN GARCIA /  CARLOS PIRIS,ESP
94165_49765,TANISHA CRASTO /  ASHWINI PONNAPPA,IND
94348,HUANG CHING PING,TPE
94397,SU LI YANG,TPE
94530_63539,GO PEI KEE /  TEOH MEI XING,MAS
94530_85465,GO PEI KEE /  VALEREE SIOW,MAS
94530_90741,GO PEI KEE /  LOW YEEN YUAN,MAS
94580,ALEX LANIER,FRA
94594,YUE YANN JASLYN HOOI,SGP
94712,ASUKA TAKAHASHI,JPN
94719_62110,JARRED ELLIOTT /  AMY ACKERMAN,RSA
94780,LEE CHEUK YIU,HKG
94815_70079,JESLYN CHOW /  ELIANA ZHANG,CAN
95062_62639,HSIEH PEI SHAN /  HUNG EN-TZU,TPE
95062_68834,HSIEH PEI SHAN /  TSENG YU-CHI,TPE
95189,AYA OHORI,JPN
95341_97737,CHIANG CHIEN-WEI /  WU HSUAN-YI,TPE
95423_77871,MARTINA CORSINI /  JUDITH MAIR,ITA
95439,ALAP MISHRA,IND
95476,LI SHI FENG,CHN
95661,ANTHONY SINISUKA GINTING,INA
95761_43851,YUKI KANEKO /  MISAKI MATSUTOMO,JPN
95814_76188,NATASJA P. ANTHONISEN /  ALYSSA TIRTOSENTONO,DEN
95814_88593,NATASJA P. ANTHONISEN /  CLARA GRAVERSEN,DEN
95905_80024,FAN KA YAN /  YAU MAU YING,HKG
95930,ZHAO JUN PENG,CHN
96038,KIM JOO EUN,KOR
96097_69009,CHEN SHENG FA /  LIN JHIH YUN,TPE
96312,AKANE YAMAGUCHI,JPN
96365_86234,HUSINA KOBUGABE /  GLADYS MBABAZI,UGA
96401_62806,NIKKI RAPRIA /  NISHU RAPRIA,IND
96429,YGOR COELHO,BRA
96531_88399,SRIVEDYA GURAZADA /  ISHIKA JAISWAL,USA
96604_86479,KENYA MITSUHASHI /  HIROKI OKAMURA,JPN
96612,VANESSA MARICELA GARCIA CONTRERAS,MEX
96713,NOZOMI OKUHARA,JPN
96725,LIN HSIANG TI,TPE
96877,POLINA BUHROVA,UKR
96877_94032,POLINA BUHROVA /  YEVHENIIA KANTEMYR,UKR
96973_69009,HSU YIN-HUI /  LIN JHIH YUN,TPE
96973_77386,HSU YIN-HUI /  LEE CHIH CHEN,TPE
97030,MAGNUS JOHANNESEN,DEN
97171_77808,ASHWINI BHAT K. /  SHIKHA GAUTAM,IND
97174,KOKI WATANABE,JPN
97495,CHEN LU,CHN
97685,HUANG YU-HSUN,TPE
97685_93852,HUANG YU-HSUN /  LIANG TING YU,TPE
97737_70860,WU HSUAN-YI /  YANG CHU YUN,TPE
97943,LUIS RAMON GARRIDO,MEX
98186,SABRINA SOLIS,MEX
98216_72956,CHAYANIT JOSHI /  KAVYA GUPTA,IND
98332_72254,SHARONE BAUER /  EMILIE VERCELOT,FRA
98589_63140,IVAN RUSEV /  ILIYAN STOYNOV,BUL
98595,HUANG YU KAI,TPE
98815_73460,LAU YI SHENG /  LEE YI BO,MAS
98935_57372,M.R. ARJUN /  DHRUV KAPILA,IND
99069,SIM YU JIN,KOR
99102_74561,LEE JHE-HUEI /  HSU YA CHING,TPE
99102_76275,LEE JHE-HUEI /  YANG PO-HSUAN,TPE
99181_59237,HEE YONG KAI TERRY /  TAN WEI HAN JESSICA,SGP
99461_96472,LOUIS DUCROT /  QUENTIN RONGET,FRA
99494_56754,CHRISTIAN BERNARDO /  ALVIN MORADA,PHI
99521_88779,MATHIAS CHRISTIANSEN /  ALEXANDRA BØJE,DEN
99678_95072,ROMINA FREGOSO /  MIRIAM JACQUELINE RODRIGUEZ PEREZ,MEX
99714,IMAD FAROOQUI SAMIYA,IND
99778_83419,JEONG NA EUN /  KIM HYE JEONG,KOR
99781_88850,RAYMOND INDRA /  PATRA HARAPAN RINDORINDO,INA
99781_91483,RAYMOND INDRA /  DANIEL EDGAR MARVINO,INA
99858_92712,JOSE LUIS GRANADOS MORALES /  ANTONIO EMANUEL ORTIZ,GUA
99891_98854,MARGOT LAMBERT /  ANNE TRAN,FRA
99911_99153,SITI SARAH AZZAHRA /  AGNIA SRI RAHAYU,INA
99925,PAI YU PO,TPE
99988_60245,ORNNICHA JONGSATHAPORNPARN /  SUKITTA SUWACHAI,THA
