Player_SK,Player_ID,Player_Name,Country_Code
1,13381_69091,PAULA LYNN CAO HOK /  LAUREN LAM,USA
2,14251,PABLO ABIAN,ESP
3,14587,TOMMY SUGIARTO,INA
4,17774,NIKTE ALEJANDRA SOTOMAYOR,GUA
5,18228,CAROLINA MARIN,ESP
6,20808,KAI SCHAEFER,GER
7,24172_17515,REDDY B. SUMEETH /  REDDY SIKKI,IND
8,24172_49765,REDDY B. SUMEETH /  ASHWINI PONNAPPA,IND
9,24686_84669,JONGKOLPHAN KITITHARAKUL /  RAWINDA PRAJONGJAI,THA
10,25684_56401,JONATHAN SOLIS /  DIANA CORLETO SOTO,GUA
11,25831,VIKTOR AXELSEN,DEN
12,26394_80057,MARCUS FERNALDI GIDEON /  KEVIN SANJAYA SUKAMULJO,INA
13,34810,CHOU TIEN CHEN,TPE
14,35642,RATCHANOK INTANON,THA
15,39276_84007,KIM GI JUNG /  KIM SA RANG,KOR
16,42679,KATE FOO KUNE,MRI
17,42776,SAI PRANEETH B.,IND
18,43840_46169,GABRIELA STOEVA /  STEFANI STOEVA,BUL
19,45171,NG KA LONG ANGUS,HKG
20,46776,HOWARD SHU,USA
21,48528,KIRSTY GILMOUR,SCO
22,50238_76967,SIRAWIT SOTHON /  NATTHAPAT TRINKAJEE,THA
23,50246_80605,CHENG SU HUI /  CHENG SU YIN,MAS
24,50322_57265,PRIYA KONJENGBAM /  SHRUTI MISHRA,IND
25,50481_61095,BRANDON ZHI HAO YAP /  ABBYGAEL HARRIS,ENG
26,50715_59331,CHLOE CONEY /  ESTELLE VAN LEEUWEN,ENG
27,50715_80918,CHLOE CONEY /  LAUREN SMITH,ENG
28,50937_60060,PHARANYU KAOSAMAANG /  WORRAPOL THONGSA-NGA,THA
29,51074_52749,HENDRA SETIAWAN /  MOHAMMAD AHSAN,INA
30,51998,MATTHIAS KICKLITZ,GER
31,52748,SAINA NEHWAL,IND
32,52864,LIEW DAREN,MAS
33,52953,MISHA ZILBERMAN,ISR
34,52953_34,MISHA ZILBERMAN /  SVETLANA ZILBERMAN,ISR
35,53142_58879,CHAN PENG SOON /  CHEAH YEE SEE,MAS
36,53753,HANS-KRISTIAN SOLBERG VITTINGHUS,DEN
37,53806,BEIWEN ZHANG,USA
38,53807,THAMONWAN NITHIITTIKRAI,THA
39,54149_70093,VIVIAN HOO /  LIM CHIEW SIEN,MAS
40,54314_65649,GIOVANNI GRECO /  DAVID SALUTT,ITA
41,54897,KEVIN CORDON,GUA
42,54998_81043,SATHWIK REDDY KANAPURAM /  VAISHNAVI KHADKEKAR,IND
43,55318,LIANNE TAN,BEL
44,55493_93025,ADAM PRINGLE /  RACHEL ANDREW,SCO
45,55668_92404,PAULA LOPEZ /  LUCIA RODRIGUEZ,ESP
46,55874_71391,KIM SO YEONG /  KONG HEE YONG,KOR
47,55908_96301,ANDY BUIJK /  KELLY VAN BUITEN,NED
48,55920,HUANG PING-HSIEN,TPE
49,55939_56711,ZAIDAN ARRAFI AWAL NABAWI /  JESSICA MAYA RISMAWARDANI,INA
50,55942,ADRIANO VIALE,PER
51,56203_99389,AARON CHIA /  SOH WOOI YIK,MAS
52,56271_81655,KOON FUNG KELVIN HO /  SAMUEL O’BRIEN RICKETTS,ENG
53,56350_88642,CHOONG HON JIAN /  MUHAMMAD HAIKAL,MAS
54,56350_94530,CHOONG HON JIAN /  GO PEI KEE,MAS
55,56401_17774,DIANA CORLETO SOTO /  NIKTE ALEJANDRA SOTOMAYOR,GUA
56,56450_75049,WILLIAM KRYGER BOE /  CHRISTIAN FAUST KJÆR,DEN
57,56522_84897,SANIA LIMA /  JULIANA VIANA VIEIRA,BRA
58,56706_66115,BAEK HA NA /  LEE YU LIM,KOR
59,56706_91292,BAEK HA NA /  LEE SO HEE,KOR
60,56746_59709,LU CHING YAO /  YANG PO HAN,TPE
61,56754_57165,ALVIN MORADA /  ALYSSA YSABEL LEONARDO,PHI
62,56934_64767,JACKIE DENT /  CRYSTAL LAI,CAN
63,57230,VU THI ANH THU,VIE
64,57297,FABIAN ROTH,GER
65,57372_94165,DHRUV KAPILA /  TANISHA CRASTO,IND
66,57424_70231,FANG-CHIH LEE /  FANG-JEN LEE,TPE
67,57457_76507,JAQUELINE LIMA /  SAMIA LIMA,BRA
68,57465,INSYIRAH KHAN,SGP
69,57560_88097,LANNY TRIA MAYASARI /  SITI FADIA SILVA RAMADHANTI,INA
70,57560_94567,LANNY TRIA MAYASARI /  RACHEL ALLESSYA ROSE,INA
71,57560_96455,LANNY TRIA MAYASARI /  RIBKA SUGIARTO,INA
72,57694_79189,TORJUS FLAATTEN /  VEGARD RIKHEIM,NOR
73,57740_94528,AYATO ENDO /  YUTA TAKEI,JPN
74,57791_86226,CATHERINE CHOI /  JOSEPHINE WU,CAN
75,57798,IRIS WANG,USA
76,57823,KANTA TSUNEYAMA,JPN
77,57924,CHAN YIN CHAK,HKG
78,57945,SHI YU QI,CHN
79,58089,ALWI FARHAN,INA
80,58180_89068,GREGORY MAIRS /  JENNY MAIRS,ENG
81,58201_68089,ACHUTADITYA RAO DODDAVARAPU /  VENKATA HARSHA VARDHAN RAYUDU VEERAMREDDY,IND
82,58240_79558,YUTA WATANABE /  ARISA IGARASHI,JPN
83,58271,BUSANAN ONGBAMRUNGPHAN,THA
84,58328,DANYLO BOSNIUK,UKR
85,58402_79258,JOSE GUEVARA /  INES LUCIA CASTILLO,PER
86,58402_91469,JOSE GUEVARA /  DIEGO MINI,PER
87,58478_58337,KATE FROST /  MOYA RYAN,IRL
88,58487_87236,TORI AIZAWA /  DAISUKE SANO,JPN
89,58493_63683,KEVIN LEE /  TY ALEXANDER LINDEMAN,CAN
90,58493_70079,KEVIN LEE /  ELIANA ZHANG,CAN
91,58539_25322,DONG ADAM (XINGYU) /  NYL YAKURA,CAN
92,58678_61160,TAN QIANG /  ZHOU HAO DONG,CHN
93,58720,ZHANG YI MAN,CHN
94,58931_50469,CHENG XING /  CHEN FANG HUI,CHN
95,58931_88450,CHENG XING /  ZHANG CHI,CHN
96,58963,SITTHIKOM THAMMASIN,THA
97,58986_62639,MING CHE LU /  HUNG EN-TZU,TPE
98,58986_72372,MING CHE LU /  TANG KAI WEI,TPE
99,59014_54996,SAYAKA HOBARA /  YUI SUIZU,JPN
100,59068_58337,JOSHUA MAGEE /  MOYA RYAN,IRL
101,59068_92985,JOSHUA MAGEE /  PAUL REYNOLDS,IRL
102,59077,KUO KUAN LIN,TPE
103,59160_77589,TOM LALOT TRESCARTE /  ELSA JACOB,FRA
104,59319_66115,KIM YOUNG HYUK /  LEE YU LIM,KOR
105,59319_72646,KIM YOUNG HYUK /  WANG CHAN,KOR
106,59322,LEE CHIA HAO,TPE
107,59367,KARUPATHEVAN LETSHANAA,MAS
108,59420,VICTOR SVENDSEN,DEN
109,59472_78935,BJARNE GEISS /  JAN COLIN VOELKER,GER
110,59543,ARNAUD MERKLE,FRA
111,59566,JENJIRA STADELMANN,SUI
112,59578_98466,NATAN BEGGA /  BAPTISTE LABARTHE,FRA
113,59609_59709,LIU KUANG HENG /  YANG PO HAN,TPE
114,59609_82732,LIU KUANG HENG /  JHENG YU CHIEH,TPE
115,59673_61160,HE JI TING /  ZHOU HAO DONG,CHN
116,59673_84812,HE JI TING /  REN XIANG YU,CHN
117,59687,UNNATI HOODA,IND
118,59692,DISHA GUPTA,USA
119,59871_82120,LUDWIG AXELSSON /  JESSICA SILVENNOINEN,SWE
120,59943_90857,WANG SZU-MIN /  WU MENG CHEN,TPE
121,60397,TEREZA ŠVÁBÍKOVÁ,CZE
122,60427,TOBIAS KUENZI,SUI
123,60507_58324,MADS VESTERGAARD /  CHRISTINE BUSCH,DEN
124,60896_79052,LU CHEN /  PO LI-WEI,TPE
125,60980_17515,ROHAN KAPOOR /  REDDY SIKKI,IND
126,60980_69619,ROHAN KAPOOR /  GADDE RUTHVIKA SHIVANI,IND
127,61095_79159,ABBYGAEL HARRIS /  ANNIE LADO,ENG
128,61222_63966,BRYAN JEREMY GOONTING /  M FAZRIQ MOHAMAD RAZIF,MAS
129,61423,JAN LOUDA,CZE
130,61427,TAI TZU YING,TPE
131,61443_83786,FATIMA BEATRIZ CENTENO FUENTES /  DANIELA HERNANDEZ,ESA
132,61444_99778,KIM WON HO /  JEONG NA EUN,KOR
133,61568,SAENA KAWAKAMI,JPN
134,61614,TUNG CIOU-TONG,TPE
135,61628,TOMA JUNIOR POPOV,FRA
136,61731_67158,DECHAPOL PUAVARANUKROH /  SAPSIREE TAERATTANACHAI,THA
137,61731_74980,DECHAPOL PUAVARANUKROH /  SUPISSARA PAEWSAMPRAN,THA
138,61834_87270,LOW HANG YEE /  NG ENG CHEONG,MAS
139,61854,WANG ZHI YI,CHN
140,61882_65708,FRANCESCA CORBETT /  ALLISON LEE,USA
141,61897_59857,ROBERT CYBULSKI /  SZYMON SLEPECKI,POL
142,61941_77380,DOMINIKA KWASNIK /  KORNELIA MARCZAK,POL
143,61949,VIVIEN SANDORHAZI,HUN
144,61986_95205,NG TSZ YAU /  TSANG HIU YAN,HKG
145,62018,RIKU HATANO,JPN
146,62035_92945,WANG TING GE /  WANG YI DUO,CHN
147,62063,KODAI NARAOKA,JPN
148,62110_82405,AMY ACKERMAN /  DEIDRE LAURENS,RSA
149,62282_68061,LAW CHEUK HIM /  YEUNG SHING CHOI,HKG
150,62286,JORAN KWEEKEL,NED
151,62301,LALINRAT CHAIWAN,THA
152,62385,THET HTAR THUZAR,MYA
153,62395,SHOGO OGAWA,JPN
154,62426_73023,BENGISU ERCETIN /  NAZLICAN INCI,TUR
155,62542_56042,ARLYA NABILA THESA MUNGGARAN /  AZ ZAHRA DITYA RAMADHANI,INA
156,62570_63539,ANNA CHING YIK CHEONG /  TEOH MEI XING,MAS
157,62618_61882,CHEN ZHI YI /  FRANCESCA CORBETT,USA
158,62618_63739,CHEN ZHI YI /  PRESLEY SMITH,USA
159,62639_84202,HUNG EN-TZU /  LIN YU-PEI,TPE
160,62713_70860,NICOLE GONZALES CHAN /  YANG CHU YUN,TPE
161,62720,MITHUN MANJUNATH,IND
162,62855,RASMUS GEMKE,DEN
163,62932,RAGHU MARISWAMY,IND
164,63029_57246,JIANG ZHEN BANG /  WEI YA XIN,CHN
165,63053_99429,SOLOMON JR. PADIZ /  ELEANOR CHRISTINE INLAYO,PHI
166,63122,BRIAN YANG,CAN
167,63140_81649,ILIYAN STOYNOV /  HRISTOMIRA POPOVSKA,BUL
168,63161_90612,MIHAJLO TOMIC /  ANDJELA VITMAN,SRB
169,63170,HARRY HUANG,ENG
170,63389_72084,DANIEL HESS /  PATRICK VOLKMANN,GER
171,63437,LINE HØJMARK KJAERSFELDT,DEN
172,63493_88450,KENG SHU LIANG /  ZHANG CHI,CHN
173,63520_94430,RAHMAT HIDAYAT /  YEREMIA ERICH YOCHE YACOB RAMBITAN,INA
174,63530_91600,HIROKI NISHI /  AKARI SATO,JPN
175,63571_60838,ADNAN MAULANA /  NITA VIOLINA MARWAH,INA
176,63571_83699,ADNAN MAULANA /  INDAH CAHYA SARI JAMIL,INA
177,63670_99397,LUI CHUN WAI /  FU CHI YAN,HKG
178,63683_86226,TY ALEXANDER LINDEMAN /  JOSEPHINE WU,CAN
179,63739_65708,PRESLEY SMITH /  ALLISON LEE,USA
180,63966_98812,M FAZRIQ MOHAMAD RAZIF /  WONG VIN SEAN,MAS
181,64032,KUNLAVUT VITIDSARN,THA
182,64055,CHIARA MARVELLA HANDOYO,INA
183,64064_65221,SHUNTARO MEZAKI /  HARUYA NISHIDA,JPN
184,64081,LIAO JHUO-FU,TPE
185,64306,CHENG KAI,TPE
186,64349,KOMANG AYU CAHYA DEWI,INA
187,64389,TIFFANY HO,AUS
188,64394_96097,CHEN CHENG KUAN /  CHEN SHENG FA,TPE
189,64394_96973,CHEN CHENG KUAN /  HSU YIN-HUI,TPE
190,64646_55668,JACOBO FERNANDEZ /  PAULA LOPEZ,ESP
191,64648,NGUYEN HAI DANG,VIE
192,64666,VIREN NETTASINGHE,SRI
193,64682_71432,TANADON PUNPANICH /  WACHIRAWIT SOTHON,THA
194,64729_57731,RASMUS KJÆR /  FREDERIK SØGAARD,DEN
195,64766_31614,MARIIA STOLIARENKO /  YELYZAVETA ZHARKA,UKR
196,64839,GEORGES JULIEN PAUL,MRI
197,64839_42679,GEORGES JULIEN PAUL /  KATE FOO KUNE,MRI
198,64917_67964,JAKUB MELANIUK /  WIKTOR TRECKI,POL
199,64944_55417,HIROKI MIDORIKAWA /  NATSU SAITO,JPN
200,64956,MUTIARA AYU PUSPITASARI,INA
201,65057_89214,HUNG HSIN EN /  HUNG YU- EN,TPE
202,65121_84323,ALINE MÜLLER /  CAROLINE RACLOZ,SUI
203,65144_78837,JIA YI FAN /  LI WEN MEI,CHN
204,65203_82408,LIN XIAO MIN /  WANG YU QIAO,TPE
205,65212_68282,NAMI MATSUYAMA /  CHIHARU SHIDA,JPN
206,65224_60767,TING SHIH WEE OWEN /  GAN JING ERR,MAS
207,65267_89426,FENG YAN ZHE /  HUANG DONG PING,CHN
208,65540,ROSY OKTAVIA PANCASARI,FRA
209,65580,JEON HYEOK JIN,KOR
210,65634,JASON GUNAWAN,HKG
211,65674_56460,PAKKAPON TEERARATSAKUL /  PHATAIMAS MUENWONG,THA
212,65854_69193,JAFAR HIDAYATULLAH /  FELISHA ALBERTA NATHANIEL PASARIBU,INA
213,65854_79077,JAFAR HIDAYATULLAH /  AISYAH SALSABILA PUTRI PRANATA,INA
214,66115_87473,LEE YU LIM /  SHIN SEUNG CHAN,KOR
215,66267_75821,KATI-KREET KÄSNER /  HELINA RÜÜTEL,EST
216,66290,TANYA HEMANTH,IND
217,66357_67176,ROBIN TABELING /  SELENA PIEK,NED
218,66362_96990,TIDAPRON KLEEBYEESUN /  NATTAMON LAISUAN,THA
219,66513_93074,SEO SEUNG JAE /  CHAE YU JUNG,KOR
220,67069,KSENIA POLIKARPOVA,ISR
221,67373_70503,DEBORA JILLE /  CHERYL SEINEN,NED
222,67447,MARKUS BARTH,NOR
223,67654_47007,TAN KIAN MENG /  LAI PEI JING,MAS
224,67654_52071,TAN KIAN MENG /  TAN WEE KIONG,MAS
225,67789_60167,CHENG YU-PEI /  SUN YU HSING,TPE
226,67810_61444,CHOI SOL GYU /  KIM WON HO,KOR
227,67810_68718,CHOI SOL GYU /  HEO KWANG HEE,KOR
228,67828,MANAMI SUIZU,JPN
229,67922_85159,ALEXANDER DUNN /  ADAM HALL,SCO
230,67922_91715,ALEXANDER DUNN /  JULIE MACPHERSON,SCO
231,67949_88322,JUNAIDI ARIF /  ROY KING YAP,MAS
232,67996,YULIA YOSEPHINE SUSANTO,INA
233,68015_75864,YEUNG NGA TING /  YEUNG PUI LAM,HKG
234,68045_64909,MARK LAMSFUSS /  MARVIN SEIDEL,GER
235,68045_98052,MARK LAMSFUSS /  ISABEL LOHAU,GER
236,68134_60507,DANIEL LUNDGAARD /  MADS VESTERGAARD,DEN
237,68221_59331,LIZZIE TOLMAN /  ESTELLE VAN LEEUWEN,ENG
238,68316,TAN JIA JIE,MAS
239,68317,KIRAN GEORGE,IND
240,68322,AYUSH SHETTY,IND
241,68337_67290,KRISTOFFER KOLDING /  METTE WERGE,DEN
242,68392,JUSTIN HOH,MAS
243,68479,HINA AKECHI,JPN
244,68532_89885,AMALIE CECILIE KUDSK /  SIGNE SCHULZ,DEN
245,68544_70762,THOM GICQUEL /  DELPHINE DELRUE,FRA
246,68555_99025,JULIA MEYER /  LEONA MICHALSKI,GER
247,68633_79658,LEO ROLLY CARNANDO /  BAGAS MAULANA,INA
248,68633_84786,LEO ROLLY CARNANDO /  DANIEL MARTHIN,INA
249,68681_56983,CHANG KO-CHI /  CHEN XIN-YUAN,TPE
250,68681_64300,CHANG KO-CHI /  LIN YEN YU,TPE
251,68681_77386,CHANG KO-CHI /  LEE CHIH CHEN,TPE
252,68681_79052,CHANG KO-CHI /  PO LI-WEI,TPE
253,68870,LAKSHYA SEN,IND
254,69006,CHRISTIAN ADINATA,INA
255,69012,GOH JIN WEI,MAS
256,69091,LAUREN LAM,USA
257,69093,PRIYANSHU RAJAWAT,IND
258,69194_95664,JOSHUA HURLBURT-YU /  RACHEL HONDERICH,CAN
259,69253,GIOVANNI TOTI,ITA
260,69313_87492,ASHITH SURYA /  AMRUTHA PRAMUTHESH,IND
261,69316_60909,JEPPE BAY /  LASSE MØLHEDE,DEN
262,69345,LE DUC PHAT,VIE
263,69360_50481,ALEX GREEN /  BRANDON ZHI HAO YAP,ENG
264,69393,TALIA NG,CAN
265,69393_91560,TALIA NG /  WEN YU ZHANG,CAN
266,69448_96514,LEE YANG /  WANG CHI-LIN,TPE
267,69463,PITCHAMON OPATNIPUTH,THA
268,69560_98187,HARIHARAN AMSAKARUNAN /  RUBAN KUMAR RETHINASABAPATHI,IND
269,69597_68284,BEH CHUN MENG /  GOH BOON ZHE,MAS
270,69619,GADDE RUTHVIKA SHIVANI,IND
271,69649_57457,FABRICIO FARIAS /  JAQUELINE LIMA,BRA
272,69649_78948,FABRICIO FARIAS /  DAVI SILVA,BRA
273,69712,ALVI WIJAYA CHAIRULLAH,INA
274,69810_63421,OLIVER BUTLER /  SAMUEL JONES,ENG
275,70028_92470,CHRISTOPHER GRIMLEY /  MATTHEW GRIMLEY,SCO
276,70042_68189,MAIKEN FRUERGAARD /  SARA THYGESEN,DEN
277,70079,ELIANA ZHANG,CAN
278,70219_62853,HUSSEIN ZAYAN SHAHEED ZAKI /  FATHIMATH NABAAHA ABDUL RAZZAQ,MDV
279,70371_64816,JULIE FINNE-IPSEN /  MAI SURROW,DEN
280,70399,JULIEN CARRAGGI,BEL
281,70443_52071,NUR MOHD AZRIYN AYUB AZRIYN /  TAN WEE KIONG,MAS
282,70465_56042,ANISANAYA KAMILA /  AZ ZAHRA DITYA RAMADHANI,INA
283,70651,AMALIE SCHULZ,DEN
284,70751_68595,ZHOU ZHI HONG /  YANG JIA YI,CHN
285,70824,RAVI RAVI,IND
286,70930,KIM GA EUN,KOR
287,71023_81609,YUKI FUKUSHIMA /  MAYU MATSUMOTO,JPN
288,71023_94519,YUKI FUKUSHIMA /  SAYAKA HIROTA,JPN
289,71132_69361,LORNA BODHA /  KOBITA DOOKHEE,MRI
290,71221,LUÍS ENRIQUE PEÑALVER,ESP
291,71285,ANNA TATRANOVA,FRA
292,71294_70093,WONG TIEN CI /  LIM CHIEW SIEN,MAS
293,71349_80918,MARCUS ELLIS /  LAUREN SMITH,ENG
294,71408,CHICO AURA DWI WARDOYO,INA
295,71612_59966,TREESA JOLLY /  GAYATRI GOPICHAND PULLELA,IND
296,71644_85896,ANNIE XU /  KERRY XU,USA
297,71848_85508,YAN FEI CHEN /  LIANG CHING SUN,TPE
298,71869_88126,RIZKY HIDAYAT /  FRENGKY WIJAYA PUTRA,AUS
299,71963_98084,APOORVA GAHLAWAT /  SAKSHI GAHLAWAT,IND
300,72084_61615,PATRICK VOLKMANN /  FRANZISKA VOLKMANN,GER
301,72267_94165,ISHAAN BHATNAGAR /  TANISHA CRASTO,IND
302,72280,PORNPICHA CHOEIKEEWONG,THA
303,72435_70500,SATWIKSAIRAJ RANKIREDDY /  CHIRAG SHETTY,IND
304,72466_61746,ADHAM HATEM ELGAMAL /  DOHA HANY,EGY
305,72517_58779,LEE ZHI QING /  SUE XIN TIO,MAS
306,72646_87473,WANG CHAN /  SHIN SEUNG CHAN,KOR
307,72675_63539,HOO PANG RON /  TEOH MEI XING,MAS
308,72675_80605,HOO PANG RON /  CHENG SU YIN,MAS
309,72782_56711,MARWAN FAZA /  JESSICA MAYA RISMAWARDANI,INA
310,72782_79077,MARWAN FAZA /  AISYAH SALSABILA PUTRI PRANATA,INA
311,72885,CHRISTO POPOV,FRA
312,72885_61628,CHRISTO POPOV /  TOMA JUNIOR POPOV,FRA
313,72986_63846,KOCEILA MAMMERI /  YOUCEF SABRI MEDEL,ALG
314,72986_78133,KOCEILA MAMMERI /  TANINA VIOLETTE MAMMERI,ALG
315,72989_56237,PICHAMON PHATCHARAPHISUTSIN /  NANNAPAS SUKKLAD,THA
316,73013_59275,JIN YU JIA /  WONG JIA YING CRYSTAL,SGP
317,73015,KRISTIN KUUBA,EST
318,73173,PUSARLA V. SINDHU,IND
319,73323_88264,JULIEN MAIO /  WILLIAM VILLEGER,FRA
320,73323_98329,JULIEN MAIO /  LEA PALERMO,FRA
321,73442,JONATAN CHRISTIE,INA
322,73474_85808,LIN BING-WEI /  LIN CHIH-CHUN,TPE
323,73474_88829,LIN BING-WEI /  SU CHING HENG,TPE
324,73489_74833,NGE JOO JIE /  JOHANN PRAJOGO,SGP
325,73857_76370,ANDREAS SØNDERGAARD /  IBEN BERGSTEIN,DEN
326,73857_81705,ANDREAS SØNDERGAARD /  JESPER TOFT,DEN
327,73899_63229,TEA MARGUERITTE /  FLAVIE VALLET,FRA
328,73913_50322,DINGKU SINGH KONTHOUJAM /  PRIYA KONJENGBAM,IND
329,73936_73633,SUPAK JOMKOH /  KITTINUPONG KEDREN,THA
330,73936_74980,SUPAK JOMKOH /  SUPISSARA PAEWSAMPRAN,THA
331,73969,KIM GA RAM,KOR
332,74051,AGNES KOROSI,HUN
333,74076,TAKUMA OBAYASHI,JPN
334,74144_96990,PHATHARATHORN NIPORNRAM /  NATTAMON LAISUAN,THA
335,74218,CLARA AZURMENDI,ESP
336,74218_95780,CLARA AZURMENDI /  BEATRIZ CORRALES,ESP
337,74233_99411,TANUPAT VIRIYANGKURA /  ALISA SAPNITI,THA
338,74324_89680,KEIICHIRO MATSUI /  YOSHINORI TAKEUCHI,JPN
339,74324_94925,KEIICHIRO MATSUI /  KATSUKI TAMATE,JPN
340,74331_57397,KANG KHAI XING /  AARON TAI,MAS
341,74481,ANUPAMA UPADHYAYA,IND
342,74487_77380,PAULINA HANKIEWICZ /  KORNELIA MARCZAK,POL
343,74561_74686,HSU YA CHING /  LIN WAN CHING,TPE
344,74574_62713,WEI CHUN WEI /  NICOLE GONZALES CHAN,TPE
345,74574_99841,WEI CHUN WEI /  WU GUAN XUN,TPE
346,74579,URIEL FRANCISCO CANJURA ARTIGA,ESA
347,74732_94430,PRAMUDYA KUSUMAWARDANA /  YEREMIA ERICH YOCHE YACOB RAMBITAN,AUS
348,74803_56460,LAKSIKA KANLAHA /  PHATAIMAS MUENWONG,THA
349,74816_82502,JIN YONG /  NA SUNG SEUNG,KOR
350,74827_66528,KRISHNA PRASAD GARAGA /  VISHNUVARDHAN GOUD PANJALA,IND
351,74827_77389,KRISHNA PRASAD GARAGA /  SAI PRATHEEK.K,IND
352,74871_99025,MALIK BOURAKKADI /  LEONA MICHALSKI,GER
353,74980_68441,SUPISSARA PAEWSAMPRAN /  PUTTITA SUPAJIRAKUL,THA
354,74987_95072,LUIS ARMANDO MONTOYA NAVARRO /  MIRIAM JACQUELINE RODRIGUEZ PEREZ,MEX
355,75014,EOGENE EWE,MAS
356,75174,LEE YU-HSUAN,TPE
357,75190_88389,SIMRAN SINGHI /  RITIKA THAKER,IND
358,75193,JOHANITA SCHOLTZ,RSA
359,75270_78687,CHANG CHING HUI /  YANG CHING TUN,TPE
360,75414_85127,SERENA AU YEONG /  KATHARINA HOCHMEIR,AUT
361,75575,JIA WEI JOEL KOH,SGP
362,75628,ASHMITA CHALIHA,IND
363,75678,NGUYEN THUY LINH,VIE
364,75729_94032,OLEKSII TITOV /  YEVHENIIA KANTEMYR,UKR
365,75829_60896,CHEN ZHI RAY /  LU CHEN,TPE
366,75829_78687,CHEN ZHI RAY /  YANG CHING TUN,TPE
367,75829_92504,CHEN ZHI RAY /  LIN YU CHIEH,TPE
368,75904_72504,RUTTANAPAK OUPTHONG /  JHENICHA SUDJAIPRAPARAT,THA
369,76031_58111,MIKKEL MIKKELSEN /  RIKKE SØBY,DEN
370,76079,RIKO GUNJI,JPN
371,76115,LOH KEAN YEW,SGP
372,76275_87176,YANG PO-HSUAN /  HU LING FANG,TPE
373,76278_72478,BEN LANE /  SEAN VENDY,ENG
374,76281_60838,AMRI SYAHNAWI /  NITA VIOLINA MARWAH,INA
375,76281_77284,AMRI SYAHNAWI /  WINNY OKTAVINA KANDOW,INA
376,76717_80299,LEE CHIA HSIN /  TENG CHUN HSUN,TPE
377,76851,ISHARANI BARUAH,IND
378,76890,PUTRI KUSUMA WARDANI,INA
379,76973,MARK CALJOUW,NED
380,77002,JULIE DAWALL JAKOBSEN,DEN
381,77003,SAMEER VERMA,IND
382,77042,WENG HONG YANG,CHN
383,77143,XIAODONG SHENG,CAN
384,77228_85056,IZAK BATALHA /  MATHEUS VOIGT,BRA
385,77256,QI XUEFEI,FRA
386,77262_66513,KANG MIN HYUK /  SEO SEUNG JAE,KOR
387,77296,WONG LING CHING,MAS
388,77386_64300,LEE CHIH CHEN /  LIN YEN YU,TPE
389,77389_94165,SAI PRATHEEK.K /  TANISHA CRASTO,IND
390,77393_62853,AMINATH NABEEHA ABDUL RAZZAQ /  FATHIMATH NABAAHA ABDUL RAZZAQ,MDV
391,77427,LU GUANG ZU,CHN
392,77441_71065,SETYANA MAPASA /  ANGELA YU,AUS
393,77589_84050,ELSA JACOB /  CAMILLE POGNANTE,FRA
394,77689_61435,TANG CHUN MAN /  TSE YING SUET,HKG
395,77752_65389,"LIM TZE JIAN /  DESIREE, HAO SHAN SIOW",MAS
396,77752_71294,LIM TZE JIAN /  WONG TIEN CI,MAS
397,77848,CHI YU JEN,TPE
398,77909_66258,ANASTASIA KHOMICH /  DARIA ZIMNOL,POL
399,77949_82408,LIU CHIAO-YUN /  WANG YU QIAO,TPE
400,78073_88809,KONA TARUN /  SRI KRISHNA PRIYA KUDARAVALLI,IND
401,78116,GAO FANG JIE,CHN
402,78121_85127,PHILIP BIRKER /  KATHARINA HOCHMEIR,AUT
403,78192_73899,LUCAS RENOIR /  TEA MARGUERITTE,FRA
404,78208,RACHEL CHAN,CAN
405,78409_85129,MAN WEI CHONG /  KAI WUN TEE,MAS
406,78425_54805,BOON XIN YUAN /  GOH V SHEM,MAS
407,78425_71294,BOON XIN YUAN /  WONG TIEN CI,MAS
408,78641_99177,MALENA NORRMAN /  LIA SALEHAR,SWE
409,78778,CHEN YU FEI,CHN
410,78795_57180,STINE KUESPERT /  EMMA MOSZCZYNSKI,GER
411,78837_60567,LI WEN MEI /  LIU XUAN XUAN,CHN
412,78837_85914,LI WEN MEI /  ZHANG SHU XIAN,CHN
413,78839_79501,TAKUMI NOMURA /  YUICHI SHIMOGAMI,JPN
414,78890,ADE RESKY DWICAHYO,AZE
415,78890_77163,ADE RESKY DWICAHYO /  AZMY QOWIMURAMADHONI,AZE
416,78935_78795,JAN COLIN VOELKER /  STINE KUESPERT,GER
417,78935_98052,JAN COLIN VOELKER /  ISABEL LOHAU,GER
418,78948_56522,DAVI SILVA /  SANIA LIMA,BRA
419,79052_75270,PO LI-WEI /  CHANG CHING HUI,TPE
420,79078,KEISHA FATIMAH AZZAHRA,AZE
421,79078_73120,KEISHA FATIMAH AZZAHRA /  ERA MAFTUHA,AZE
422,79082,WU LUO YU,CHN
423,79110,SHOLEH AIDIL,MAS
424,79164,SATHISH KUMAR KARUNAKARAN,IND
425,79164_64431,SATHISH KUMAR KARUNAKARAN /  AADYA VARIYATH,IND
426,79258,INES LUCIA CASTILLO,PER
427,79258_95819,INES LUCIA CASTILLO /  PAULA LA TORRE,PER
428,79501_59014,YUICHI SHIMOGAMI /  SAYAKA HOBARA,JPN
429,79662,ANUOLUWAPO JUWON OPEYORI,NGR
430,79664_67761,FEBRIANA DWIPUJI KUSUMA /  AMALLIA CAHAYA PRATIWI,INA
431,79732_99220,CHIA WEIJIE /  LIEW XUN,MAS
432,79906_70747,KAKERU KUMAGAI /  KOTA OGAWA,JPN
433,80078_70376,MAIKO KAWAZOE /  HARUNA KONISHI,JPN
434,80229_94834,ZACHARIAH JOSIAHNO SUMANTI /  HEDIANA JULIMARBELA,INA
435,80299_70860,TENG CHUN HSUN /  YANG CHU YUN,TPE
436,80402,AAKARSHI KASHYAP,IND
437,80497_83074,VINSON CHIU /  JENNIE GAI,USA
438,80497_94647,VINSON CHIU /  JOSHUA YUAN,USA
439,80532,KAORU SUGIYAMA,JPN
440,80547_67676,RUTAPARNA PANDA /  SWETAPARNA PANDA,IND
441,80711_91246,LOO BING KUN /  HO LO EE,MAS
442,80795,HUNG YI-TING,TPE
443,80862,CHIU PIN-CHIAN,TPE
444,80862_61614,CHIU PIN-CHIAN /  TUNG CIOU-TONG,TPE
445,80871_79198,BENYAPA AIMSAARD /  NUNTAKARN AIMSAARD,THA
446,80886_82061,BOBBY SETIABUDI /  MELATI DAEVA OKTAVIANTI,INA
447,80889,RACHAEL DARRAGH,IRL
448,81034_89360,KUSWANTO KUSWANTO /  SREEYUKTHA SREEJITH PAROL,UAE
449,81108_62713,YE HONG WEI /  NICOLE GONZALES CHAN,TPE
450,81108_76717,YE HONG WEI /  LEE CHIA HSIN,TPE
451,81293_59275,JUN LIANG ANDY KWEK /  WONG JIA YING CRYSTAL,SGP
452,81293_85184,JUN LIANG ANDY KWEK /  LOH KEAN HEAN,SGP
453,81327_84421,PONGSAKORN THONGKHAM /  WONGSATHORN THONGKHAM,THA
454,81362,NG TZE YONG,MAS
455,81458_81702,DEJAN FERDINANSYAH /  GLORIA EMANUELLE WIDJAJA,INA
456,81462_88097,APRIYANI RAHAYU /  SITI FADIA SILVA RAMADHANTI,INA
457,81561,LEE ZII JIA,MAS
458,81585,DAI WANG,CHN
459,81599_59880,LIU SHENG SHU /  TAN NING,CHN
460,81609_77832,MAYU MATSUMOTO /  WAKANA NAGAHARA,JPN
461,81655_90267,SAMUEL O’BRIEN RICKETTS /  TAHLIA RICHARDSON,JAM
462,81657_67903,TAKURO HOKI /  YUGO KOBAYASHI,JPN
463,81705_88593,JESPER TOFT /  CLARA GRAVERSEN,DEN
464,81705_95643,JESPER TOFT /  AMALIE MAGELUND,DEN
465,81812_85179,MUH PUTRA ERWIANSYAH /  TEGES SATRIAJI CAHYO HUTOMO,INA
466,81844_50469,GUO XIN WA /  CHEN FANG HUI,CHN
467,81887,SHESAR HIREN RHUSTAVITO,INA
468,82009_99067,KYOHEI YAMASHITA /  NARU SHINOYA,JPN
469,82070,TOMOKA MIYAZAKI,JPN
470,82364_94567,MEILYSA TRIAS PUSPITASARI /  RACHEL ALLESSYA ROSE,INA
471,82372,KOK JING HONG,MAS
472,82378_91381,ONDŘEJ KRÁL /  ADAM MENDREK,CZE
473,82463_96843,KAZUKI SHIBATA /  NAOKI YAMADA,JPN
474,82516_59551,NG QI XUAN /  TEOH LE XUAN,MAS
475,82606,JIA HENG JASON TEH,SGP
476,82770_99988,WEERAPHAT PHAKJARUNG /  ORNNICHA JONGSATHAPORNPARN,THA
477,82989,DMITRIY PANARIN,KAZ
478,83046_63168,ZHENG SI WEI /  HUANG YA QIONG,CHN
479,83074,JENNIE GAI,USA
480,83077_95303,CHAN YUEH LIN /  CHU BO RONG,TPE
481,83132_76569,CUI HE CHEN /  PENG JIAN QIN,CHN
482,83419_71391,KIM HYE JEONG /  KONG HEE YONG,KOR
483,83657,CHIRAG SEN,IND
484,83738_80227,RIDYA AULIA FATASYA /  KELLY LARISSA,INA
485,83802,GREGORIA MARISKA TUNJUNG,INA
486,83822,YEO JIA MIN,SGP
487,83938,MADS CHRISTOPHERSEN,DEN
488,83942_98052,LINDA EFLER /  ISABEL LOHAU,GER
489,83950,PRANNOY H. S.,IND
490,83984,ADITI BHATT,IND
491,83985,FELIX BURESTEDT,SWE
492,84057_95643,MATHIAS THYRRI /  AMALIE MAGELUND,DEN
493,84062,PORNPAWEE CHOCHUWONG,THA
494,84064_99066,ONG YEW SIN /  TEO EE YI,MAS
495,84102_65674,PEERATCHAI SUKPHUN /  PAKKAPON TEERARATSAKUL,THA
496,84159_90323,RUI HIROKAMI /  YUNA KATO,JPN
497,84287_74181,SUPAMART MINGCHUA /  PATTARAPORN RUNGRUENGPRAMONG,THA
498,84523,MICHELLE LI,CAN
499,84631_82284,VERRELL YUSTIN MULIA /  PRISKILA VENUS ELSADAI,INA
500,84746_70692,MIZUKI OTAKE /  MIYU TAKAHASHI,JPN
501,84764,YOHANES SAUT MARCELLYNO,INA
502,84812_58678,REN XIANG YU /  TAN QIANG,CHN
503,84815,MAX WEISSKIRCHEN,GER
504,84838,LEONG JUN HAO,MAS
505,84874_83211,RENA MIYAURA /  AYAKO SAKURAMOTO,JPN
506,84897,JULIANA VIANA VIEIRA,BRA
507,85030_58488,KAITLYN EA /  GRONYA SOMERVILLE,AUS
508,85048,ESTER NURUMI TRI WARDOYO,INA
509,85095,NHAT NGUYEN,IRL
510,85118,ENOGAT ROY,FRA
511,85159_91715,ADAM HALL /  JULIE MACPHERSON,SCO
512,85179_81141,TEGES SATRIAJI CAHYO HUTOMO /  CHRISTOPHER DAVID WIJAYA,INA
513,85302,LINE CHRISTOPHERSEN,DEN
514,85394,KENTA NISHIMOTO,JPN
515,85452_90762,KOKONA ISHIKAWA /  MIO KONEGAWA,JPN
516,85514,HARAMARA GAITAN,MEX
517,85514_98186,HARAMARA GAITAN /  SABRINA SOLIS,MEX
518,85532_76114,PAWEL SMILOWSKI /  MAGDALENA SWIERCZYNSKA,POL
519,85540_65300,LI YI JING /  LUO XU MIN,CHN
520,85551_68628,PEARLY TAN /  THINAAH MURALITHARAN,MAS
521,85563,JOAKIM OLDORFF,FIN
522,85728_89697,ANNA KUPCA /  JEKATERINA ROMANOVA,LAT
523,85805_68221,RORY EASTON /  LIZZIE TOLMAN,ENG
524,85805_69360,RORY EASTON /  ALEX GREEN,ENG
525,85805_69685,RORY EASTON /  ZACH RUSS,ENG
526,85808_65349,LIN CHIH-CHUN /  SUNG YU-HSUAN,TPE
527,85808_80299,LIN CHIH-CHUN /  TENG CHUN HSUN,TPE
528,85845,PANITCHAPHON TEERARATSAKUL,THA
529,85914_85331,ZHANG SHU XIAN /  ZHENG YU,CHN
530,86034,RUZANA RUZANA,INA
531,86114,LIN CHUN-YI,TPE
532,86167_95068,LEONG IOK CHONG /  NG WENG CHI,MAC
533,86230,KOO TAKAHASHI,JPN
534,86261,LO SIN YAN HAPPY,HKG
535,86455_60603,MOA SJOO /  TILDA SJOO,SWE
536,86470,JONATHAN MATIAS,BRA
537,86525_55481,JESITA PUTRI MIANTORO /  FEBI SETIANINGRUM,INA
538,86567_61268,MIHA IVANČIČ /  PETRA POLANC,SLO
539,86604,TASNIM MIR,IND
540,86616_75193,CADEN KAKORA /  JOHANITA SCHOLTZ,RSA
541,86672,YUSHI TANAKA,JPN
542,86756_59331,CALLUM HEMMING /  ESTELLE VAN LEEUWEN,ENG
543,86756_90556,CALLUM HEMMING /  ETHAN VAN LEEUWEN,ENG
544,86829_59687,PALAK ARORA /  UNNATI HOODA,IND
545,86887,COLLINS VALENTINE FILIMON,AUT
546,86929_79130,MIHAELA CHEPISHEVA /  TSVETINA POPIVANOVA,BUL
547,86975,RITHVIK SANJEEVI SATISH KUMAR,IND
548,87029,WANG PO-WEI,TPE
549,87045_82610,REHAN NAUFAL KUSHARJANTO /  LISA AYU KUSUMAWATI,INA
550,87112,KALOYANA NALBANTOVA,BUL
551,87117,SOONG JOO VEN,MAS
552,87128_96862,AKBAR BINTANG CAHYONO /  MARSHEILLA GISCHA ISLAMI,INA
553,87176_65203,HU LING FANG /  LIN XIAO MIN,TPE
554,87176_82732,HU LING FANG /  JHENG YU CHIEH,TPE
555,87289_69822,MIKI KANEHIRO /  RUI KIYAMA,JPN
556,87375,WANG TZU WEI,TPE
557,87403_96690,ELOI ADAM /  LEO ROSSI,FRA
558,87403_98332,ELOI ADAM /  SHARONE BAUER,FRA
559,87432_86136,SABAR KARYAMAN GUTAMA /  MOH REZA PAHLEVI ISFAHANI,INA
560,87434,HE BING JIAO,CHN
561,87442,AN SE YOUNG,KOR
562,87484,SOMI ROMDHANI,UAE
563,87535_64023,ZHI-WEI HE /  HUANG JUI-HSUAN,TPE
564,87610,MARK SHELLEY ALCALA,USA
565,87691,FABIO CAPONIO,ITA
566,87718,STEPHANIE WIDJAJA,INA
567,87808_59892,NEUADUANG MANGKORNLOI /  ATITAYA POVANON,THA
568,87885,NESLIHAN ARIN,TUR
569,87893_87616,LUI LOK LOK /  NG WING YUNG,HKG
570,87893_95205,LUI LOK LOK /  TSANG HIU YAN,HKG
571,88007_82836,"CHOK KEN WEI, KEANE /  ANDY YEW TUNG KOK",MAS
572,88024_60060,CHALOEMPON CHAROENKITAMORN /  WORRAPOL THONGSA-NGA,THA
573,88079,LIN SIH YUN,TPE
574,88094_28492,KO SUNG HYUN /  EOM HYE WON,KOR
575,88094_54785,KO SUNG HYUN /  SHIN BAEK CHEOL,KOR
576,88135_87428,RIN IWANAGA /  KIE NAKANISHI,JPN
577,88278_76188,KIRSTEN DE WIT /  ALYSSA TIRTOSENTONO,NED
578,88322_85465,ROY KING YAP /  VALEREE SIOW,MAS
579,88399,ISHIKA JAISWAL,USA
580,88405_77123,AKIRA KOGA /  TAICHI SAITO,JPN
581,88451_59465,RINOV RIVALDY /  PITHA HANINGTYAS MENTARI,INA
582,88471,MALVIKA BANSOD,IND
583,88582,LÉONICE HUET,FRA
584,88726_65253,JONES RALFY JANSEN /  KENNETH NEUMANN,GER
585,88726_83942,JONES RALFY JANSEN /  LINDA EFLER,GER
586,88726_97648,JONES RALFY JANSEN /  THUC PHUONG NGUYEN,GER
587,88807,SUNG SHUO YUN,TPE
588,88807_75154,SUNG SHUO YUN /  YU CHIEN HUI,TPE
589,88829_81108,SU CHING HENG /  YE HONG WEI,TPE
590,88876_91130,FAJAR ALFIAN /  MUHAMMAD RIAN ARDIANTO,INA
591,89163,WANG ZHENG XING,CHN
592,89174_56434,P.S RAVIKRISHNA /  AKSHAN SHETTY,IND
593,89174_60705,P.S RAVIKRISHNA /  SANKAR PRASAD UDAYAKUMAR,IND
594,89336_63520,MUHAMMAD RAYHAN NUR FADILLAH /  RAHMAT HIDAYAT,INA
595,89416_22038,LUCAS CORVEE /  RONAN LABAR,FRA
596,89506,LUCAS CLAERBOUT,FRA
597,89529_58488,KENNETH ZHE HOOI CHOO /  GRONYA SOMERVILLE,AUS
598,89583,WEN CHI HSU,TPE
599,89785,KENTO MOMOTA,JPN
600,89909_66820,XIE HAO NAN /  ZENG WEI HAN,CHN
601,89916_82061,PRAVEEN JORDAN /  MELATI DAEVA OKTAVIANTI,INA
602,90287,DEVIKA SIHAG,IND
603,90531_55414,LIANG WEI KENG /  WANG CHANG,CHN
604,90556_50715,ETHAN VAN LEEUWEN /  CHLOE CONEY,ENG
605,90556_79159,ETHAN VAN LEEUWEN /  ANNIE LADO,ENG
606,90657,IKHSAN LEONARDO IMANUEL RUMBAY,INA
607,90768_94814,GOH SZE FEI /  NUR IZZUDDIN,MAS
608,90854,YASMINE HAMZA,ITA
609,91090_59621,CHEN TANG JIE /  TOH EE WEI,MAS
610,91106,YVONNE LI,GER
611,91112_78192,MAEL CATTOEN /  LUCAS RENOIR,FRA
612,91167_66221,RASMUS ESPERSEN /  MARCUS RINDSHØJ,DEN
613,91167_68532,RASMUS ESPERSEN /  AMALIE CECILIE KUDSK,DEN
614,91224,MIA BLICHFELDT,DEN
615,91246_76514,HO LO EE /  AMANDA HWA LENG YAP,MAS
616,91422,SUPANIDA KATETHONG,THA
617,91440_79658,MUHAMMAD SHOHIBUL FIKRI /  BAGAS MAULANA,INA
618,91440_84786,MUHAMMAD SHOHIBUL FIKRI /  DANIEL MARTHIN,INA
619,91469_95819,DIEGO MINI /  PAULA LA TORRE,PER
620,91483_81141,DANIEL EDGAR MARVINO /  CHRISTOPHER DAVID WIJAYA,INA
621,91554,ANDERS ANTONSEN,DEN
622,91560,WEN YU ZHANG,CAN
623,91651,MEIRABA LUWANG MAISNAM,IND
624,91673,LEI LAN XI,CHN
625,91715_92277,JULIE MACPHERSON /  CIARA TORRANCE,SCO
626,91807,RAKSHITHA SREE SANTHOSH RAMRAJ,IND
627,91814,S.SANKAR MUTHUSAMY SUBRAMANIAN,IND
628,91896,NATSUKI NIDAIRA,JPN
629,91971_65470,TIES VAN DER LECQ /  BRIAN WASSINK,NED
630,91971_76188,TIES VAN DER LECQ /  ALYSSA TIRTOSENTONO,NED
631,92014,KISONA SELVADURAY,MAS
632,92160,THARUN MANNEPALLI,IND
633,92504_87454,LIN YU CHIEH /  SU LI WEI,TPE
634,92508,KANTAPHON WANGCHAROEN,THA
635,92576_71801,RATCHAPOL MAKKASASITHORN /  CHASINEE KOREPAP,THA
636,92593_56352,GOH SOON HUAT /  LAI SHEVON JEMIE,MAS
637,92609_61986,LEE CHUN HEI REGINALD /  NG TSZ YAU,HKG
638,92655,KALLE KOLJONEN,FIN
639,92796,CHEAM JUNE WEI,MAS
640,92913_60516,CHIU HSIANG CHIEH /  YANG MING-TSE,TPE
641,92913_65203,CHIU HSIANG CHIEH /  LIN XIAO MIN,TPE
642,92913_69009,CHIU HSIANG CHIEH /  LIN JHIH YUN,TPE
643,92913_96514,CHIU HSIANG CHIEH /  WANG CHI-LIN,TPE
644,92967,HAN YUE,CHN
645,92980_44414,KIM ASTRUP /  ANDERS SKAARUP RASMUSSEN,DEN
646,93086_59892,PRINDA PATTANAWARITTHIPAN /  ATITAYA POVANON,THA
647,93101_74987,JOB CASTILLO /  LUIS ARMANDO MONTOYA NAVARRO,MEX
648,93130_71223,CHEN BO YANG /  LIU YI,CHN
649,93199_74714,FADILAH SHAMIKA MOHAMED RAFI /  TRACY NALUWOOZA,UGA
650,93217_84340,LWI SHENG HAO /  JIMMY WONG,MAS
651,93367_58241,LIU YU CHEN /  OU XUAN YI,CHN
652,93372,AKARI KURIHARA,JPN
653,93627,KIDAMBI SRIKANTH,IND
654,93852,LIANG TING YU,TPE
655,93858_91971,RUBEN JILLE /  TIES VAN DER LECQ,NED
656,93965_25684,ANIBAL MARROQUIN /  JONATHAN SOLIS,GUA
657,94119,DANIIL DUBOVENKO,ISR
658,94125_65144,CHEN QING CHEN /  JIA YI FAN,CHN
659,94151,VICTOR LAI,CAN
660,94156_92404,RUBEN GARCIA /  LUCIA RODRIGUEZ,ESP
661,94156_93670,RUBEN GARCIA /  CARLOS PIRIS,ESP
662,94165_49765,TANISHA CRASTO /  ASHWINI PONNAPPA,IND
663,94348,HUANG CHING PING,TPE
664,94397,SU LI YANG,TPE
665,94530_63539,GO PEI KEE /  TEOH MEI XING,MAS
666,94530_85465,GO PEI KEE /  VALEREE SIOW,MAS
667,94530_90741,GO PEI KEE /  LOW YEEN YUAN,MAS
668,94580,ALEX LANIER,FRA
669,94594,YUE YANN JASLYN HOOI,SGP
670,94712,ASUKA TAKAHASHI,JPN
671,94719_62110,JARRED ELLIOTT /  AMY ACKERMAN,RSA
672,94780,LEE CHEUK YIU,HKG
673,94815_70079,JESLYN CHOW /  ELIANA ZHANG,CAN
674,95062_62639,HSIEH PEI SHAN /  HUNG EN-TZU,TPE
675,95062_68834,HSIEH PEI SHAN /  TSENG YU-CHI,TPE
676,95189,AYA OHORI,JPN
677,95341_97737,CHIANG CHIEN-WEI /  WU HSUAN-YI,TPE
678,95423_77871,MARTINA CORSINI /  JUDITH MAIR,ITA
679,95439,ALAP MISHRA,IND
680,95476,LI SHI FENG,CHN
681,95661,ANTHONY SINISUKA GINTING,INA
682,95761_43851,YUKI KANEKO /  MISAKI MATSUTOMO,JPN
683,95814_76188,NATASJA P. ANTHONISEN /  ALYSSA TIRTOSENTONO,DEN
684,95814_88593,NATASJA P. ANTHONISEN /  CLARA GRAVERSEN,DEN
685,95905_80024,FAN KA YAN /  YAU MAU YING,HKG
686,95930,ZHAO JUN PENG,CHN
687,96038,KIM JOO EUN,KOR
688,96097_69009,CHEN SHENG FA /  LIN JHIH YUN,TPE
689,96312,AKANE YAMAGUCHI,JPN
690,96365_86234,HUSINA KOBUGABE /  GLADYS MBABAZI,UGA
691,96401_62806,NIKKI RAPRIA /  NISHU RAPRIA,IND
692,96429,YGOR COELHO,BRA
693,96531_88399,SRIVEDYA GURAZADA /  ISHIKA JAISWAL,USA
694,96604_86479,KENYA MITSUHASHI /  HIROKI OKAMURA,JPN
695,96612,VANESSA MARICELA GARCIA CONTRERAS,MEX
696,96713,NOZOMI OKUHARA,JPN
697,96725,LIN HSIANG TI,TPE
698,96877,POLINA BUHROVA,UKR
699,96877_94032,POLINA BUHROVA /  YEVHENIIA KANTEMYR,UKR
700,96973_69009,HSU YIN-HUI /  LIN JHIH YUN,TPE
701,96973_77386,HSU YIN-HUI /  LEE CHIH CHEN,TPE
702,97030,MAGNUS JOHANNESEN,DEN
703,97171_77808,ASHWINI BHAT K. /  SHIKHA GAUTAM,IND
704,97174,KOKI WATANABE,JPN
705,97495,CHEN LU,CHN
706,97685,HUANG YU-HSUN,TPE
707,97685_93852,HUANG YU-HSUN /  LIANG TING YU,TPE
708,97737_70860,WU HSUAN-YI /  YANG CHU YUN,TPE
709,97943,LUIS RAMON GARRIDO,MEX
710,98186,SABRINA SOLIS,MEX
711,98216_72956,CHAYANIT JOSHI /  KAVYA GUPTA,IND
712,98332_72254,SHARONE BAUER /  EMILIE VERCELOT,FRA
713,98589_63140,IVAN RUSEV /  ILIYAN STOYNOV,BUL
714,98595,HUANG YU KAI,TPE
715,98815_73460,LAU YI SHENG /  LEE YI BO,MAS
716,98935_57372,M.R. ARJUN /  DHRUV KAPILA,IND
717,99069,SIM YU JIN,KOR
718,99102_74561,LEE JHE-HUEI /  HSU YA CHING,TPE
719,99102_76275,LEE JHE-HUEI /  YANG PO-HSUAN,TPE
720,99181_59237,HEE YONG KAI TERRY /  TAN WEI HAN JESSICA,SGP
721,99461_96472,LOUIS DUCROT /  QUENTIN RONGET,FRA
722,99494_56754,CHRISTIAN BERNARDO /  ALVIN MORADA,PHI
723,99521_88779,MATHIAS CHRISTIANSEN /  ALEXANDRA BØJE,DEN
724,99678_95072,ROMINA FREGOSO /  MIRIAM JACQUELINE RODRIGUEZ PEREZ,MEX
725,99714,IMAD FAROOQUI SAMIYA,IND
726,99778_83419,JEONG NA EUN /  KIM HYE JEONG,KOR
727,99781_88850,RAYMOND INDRA /  PATRA HARAPAN RINDORINDO,INA
728,99781_91483,RAYMOND INDRA /  DANIEL EDGAR MARVINO,INA
729,99858_92712,JOSE LUIS GRANADOS MORALES /  ANTONIO EMANUEL ORTIZ,GUA
730,99891_98854,MARGOT LAMBERT /  ANNE TRAN,FRA
731,99911_99153,SITI SARAH AZZAHRA /  AGNIA SRI RAHAYU,INA
732,99925,PAI YU PO,TPE
733,99988_60245,ORNNICHA JONGSATHAPORNPARN /  SUKITTA SUWACHAI,THA
